We	O
therefore	O
allow	O
the	O
appeal	O
to	O
this	O
extent	O
:	O
we	O
quash	B-decision_quashed
the	O
consecutive	O
sentence	O
of	O
eight	O
months	O
'	O
imprisonment	O
imposed	O
below	O
for	O
the	O
offence	O
against	O
Mr	O
Ripley	O
and	O
we	O
substitute	O
for	O
it	O
a	O
concurrent	O
sentence	O
of	O
eight	O
months	O
'	O
imprisonment	O
.	O
Thus	O
the	O
total	O
sentence	O
becomes	O
one	O
of	O
two	O
years	O
'	O
imprisonment	O
.	O

The	O
facts	O
of	O
offences	O
are	O
that	O
on	O
23rd	B-date_of_offence
October	I-date_of_offence
2018	I-date_of_offence
the	O
victim	O
(	O
aged	O
58	O
)	O
was	O
at	O
his	B-victim_is_male
home	O
address	O
watching	O
television	O
in	O
his	B-victim_is_male
living	O
room	O
when	O
the	O
co	O
-	O
accused	O
PA	O
,	O
armed	O
with	O
a	O
claw	O
hammer	O
,	O
burst	O
through	O
the	O
door	O
and	O
struck	O
the	O
victim	O
fifteen	O
times	O
on	O
the	O
arms	O
and	O
legs	O
using	O
the	O
claw	O
hammer	O
.	O
He	B-offence
threatened	I-offence
to	I-offence
break	I-offence
every	I-offence
bone	I-offence
in	I-offence
the	I-offence
victim	I-offence
'	I-offence
s	I-offence
body	I-offence
unless	O
he	O
opened	O
the	O
back	O
door	O
,	O
which	O
he	O
did	O
.	O
This	O
allowed	O
the	O
applicant	O
together	O
with	O
the	O
third	O
co	O
-	O
accused	O
to	O
enter	O
the	O
premises	O
.	O
As	O
shown	O
on	O
the	O
CCTV	O
,	O
they	O
had	O
hoods	O
pulled	O
up	O
to	O
disguise	O
their	O
appearance	O
.	O
They	O
pushed	O
the	O
victim	O
back	O
into	O
his	B-victim_is_male
living	O
room	O
.	O
The	O
applicant	O
struck	O
the	O
victim	O
in	O
the	O
face	O
a	O
few	O
times	O
and	O
they	O
demanded	O
to	O
know	O
where	O
the	O
money	O
was	O
.	O
They	O
demanded	O
bagged	O
cannabis	O
from	O
the	O
victim	O
,	O
who	O
told	O
them	O
that	O
he	O
had	O
none	O
.	O
He	O
did	O
have	O
fifteen	O
cannabis	O
plants	O
upstairs	O
,	O
but	O
when	O
told	O
to	O
cut	O
them	O
down	O
he	O
said	O
that	O
the	O
plants	O
were	O
not	O
ready	O
to	O
be	O
harvested	O
.	O

At	O
some	O
time	O
before	O
midnight	O
on	O
8	O
December	O
2015	O
,	O
Charlotte	O
Brown	O
suffered	O
fatal	O
injuries	O
when	O
the	O
appellant	O
'	O
s	O
speedboat	O
struck	O
a	O
submerged	O
tree	O
on	O
the	O
river	O
Thames	O
.	O
It	O
was	O
not	O
in	O
issue	O
that	O
,	O
at	O
times	O
during	O
that	O
trip	O
,	O
the	O
boat	O
was	O
travelling	O
at	O
excessive	O
speed	O
and	O
that	O
Ms	B-victim_is_female
Brown	O
,	O
who	O
had	O
no	O
experience	O
of	O
driving	O
a	O
speedboat	O
and	O
who	O
,	O
along	O
with	O
the	O
appellant	O
,	O
had	O
been	O
drinking	O
alcohol	O
,	O
was	O
at	O
the	O
wheel	O
at	O
the	O
time	O
of	O
the	O
incident	O
.	O

iii	O
)	O
The	O
appellant	O
had	O
driven	O
at	O
speeds	O
well	O
in	O
excess	O
of	O
the	O
speed	O
limit	O
,	O
allowing	O
Ms	B-victim_is_female
Brown	O
to	O
take	O
the	O
wheel	O
,	O
knowing	O
how	O
much	O
alcohol	O
she	O
had	O
consumed	O
and	O
that	O
she	O
had	O
no	O
experience	O
of	O
driving	O
speed	O
boats	O
;	O
he	O
had	O
failed	O
to	O
intervene	O
when	O
she	O
,	O
following	O
his	O
example	O
,	O
drove	O
at	O
excessive	O
speed	O
.	O

The	O
defence	O
case	O
was	O
that	O
the	O
appellant	O
had	O
not	O
owed	O
a	O
duty	O
of	O
care	O
to	O
Ms	B-victim_is_female
Brown	O
.	O
Furthermore	O
,	O
there	O
was	O
no	O
reasonably	O
foreseeable	O
risk	O
of	O
death	O
and	O
,	O
in	O
any	O
event	O
,	O
no	O
act	O
or	O
omission	O
of	O
his	O
was	O
a	O
substantial	O
cause	O
of	O
death	O
.	O
As	O
for	O
the	O
alleged	O
negligence	O
,	O
he	O
denied	O
that	O
:	O

Although	O
the	O
appellant	O
admitted	O
helming	O
the	O
boat	O
while	O
drunk	O
,	O
that	O
matter	O
was	O
not	O
""""	O
the	O
""""	O
or	O
even	O
""""	O
an	O
""""	O
offence	O
under	O
consideration	O
on	O
8	O
or	O
9	O
December	O
.	O
The	O
police	O
did	O
not	O
know	O
how	O
or	O
what	O
had	O
led	O
to	O
the	O
capsizing	O
of	O
the	O
boat	O
.	O
Further	O
,	O
for	O
the	O
purposes	O
of	O
Code	O
C	O
10	O
.	O
1	O
and	O
the	O
Notes	O
for	O
Guidance	O
10A	O
of	O
PACE	O
,	O
the	O
information	O
which	O
was	O
then	O
available	O
did	O
not	O
provide	O
reasonable	O
or	O
objective	O
grounds	O
to	O
suspect	O
him	O
of	O
any	O
offence	O
,	O
let	O
alone	O
unlawfully	O
killing	O
Ms	B-victim_is_female
Brown	O
.	O

In	O
our	O
judgment	O
,	O
the	O
correspondence	O
reveals	O
an	O
exchange	O
of	O
information	O
about	O
the	O
different	O
approaches	O
to	O
breach	O
of	O
bail	O
,	O
particularly	O
in	O
the	O
context	O
of	O
specialty	O
.	O
At	O
no	O
stage	O
does	O
Ms	B-victim_is_female
Riley	O
formally	O
request	O
consent	O
to	O
pursue	O
the	O
appellant	O
for	O
his	O
breach	O
of	O
bail	O
and	O
nothing	O
in	O
Mr	O
Bagdavadze	O
'	O
s	O
response	O
(	O
even	O
assuming	O
that	O
he	O
has	O
the	O
necessary	O
authority	O
to	O
consent	O
)	O
can	O
be	O
taken	O
as	O
consent	O
on	O
behalf	O
of	O
the	O
Republic	O
of	O
Georgia	O
.	O
In	O
those	O
circumstances	O
,	O
there	O
was	O
no	O
basis	O
in	O
the	O
extradition	O
from	O
Georgia	O
to	O
pursue	O
the	O
appellant	O
for	O
his	O
breach	O
of	O
bail	O
and	O
the	O
proceedings	O
against	O
him	O
are	O
a	O
nullity	O
.	O
His	O
appeal	O
in	O
relation	O
to	O
this	O
aspect	O
of	O
the	O
case	O
,	O
therefore	O
,	O
succeeds	O
.	O

xii	O
)	O
Records	O
revealed	O
that	O
the	O
matter	O
was	O
not	O
viewed	O
as	O
a	O
criminal	O
investigation	O
until	O
16	O
December	O
2015	O
.	O
It	O
was	O
only	O
after	O
a	O
lengthy	O
investigation	O
that	O
,	O
in	O
November	O
2017	O
,	O
a	O
summons	O
alleging	O
manslaughter	B-offence
was	O
issued	O
.	O

Before	O
leaving	O
the	O
case	O
,	O
we	O
must	O
express	O
our	O
gratitude	O
to	O
Mr	B-victim_is_male
Anders	O
who	O
,	O
acting	O

The	O
appellant	O
'	O
s	O
police	O
interview	O
was	O
in	O
evidence	O
.	O
In	O
that	O
interview	O
she	O
spoke	O
about	O
suffering	O
from	O
sexual	O
,	O
mental	O
and	O
physical	O
abuse	O
inflicted	O
by	O
her	B-defendant_is_female
mother	O
for	O
at	O
least	O
eight	O
years	O
.	O
She	O
said	O
that	O
she	O
felt	O
trapped	O
and	O
unable	O
to	O
escape	O
.	O
She	O
said	O
that	O
she	O
lost	O
control	O
;	O
it	O
was	O
an	O
accident	O
;	O
she	O
did	O
not	O
intend	O
to	O
hurt	O
her	B-defendant_is_female
mother	O
.	O
Her	O
mother	O
had	O
a	O
complex	O
psychiatric	O
history	O
and	O
had	O
told	O
the	O
appellant	O
that	O
she	O
was	O
a	O
failure	O
as	O
a	O
daughter	O
.	O
She	O
said	O
that	O
the	O
deceased	O
had	O
started	O
an	O
argument	O
about	O
the	O
bills	O
and	O
""""	O
My	O
emotions	O
blew	O
out	O
of	O
proportion	O
,	O
and	O
that	O
'	O
s	O
why	O
I	O
got	O
the	O
knife	O
out	O
of	O
the	O
drawer	O
and	O
stabbed	O
her	B-defendant_is_female
with	O
it	O
,	O
and	O
she	O
pleaded	O
[	O
with	O
]	O
me	O
to	O
do	O
it	O
.	O
It	O
was	O
an	O
accident	O
"""."	O
Her	O
mother	O
had	O
been	O
threatening	O
her	B-defendant_is_female
with	O
scissors	O
and	O
said	O
that	O
she	O
was	O
going	O
to	O
end	O
the	O
appellant	O
'	O
s	O
life	O
.	O
The	O
appellant	O
had	O
put	O
the	O
scissors	O
back	O
in	O
the	O
drawer	O
.	O
She	O
repeated	O
that	O
she	O
her	B-defendant_is_female
emotions	O
had	O
""""	O
flipped	O
""""	O
and	O
she	O
had	O
lost	O
control	O
.	O
She	O
had	O
tried	O
to	O
revive	O
her	B-defendant_is_female
mother	O
and	O
staunch	O
the	O
blood	O
,	O
but	O
there	O
was	O
too	O
much	O
.	O
She	O
was	O
shocked	O
and	O
delusional	O
.	O

have	O
been	O
substantially	O
impaired	O
,	O
not	O
that	O
it	O
had	O
been	O
.	O
The	O
prosecution	O
advanced	O
a	O
rational	O
basis	O
for	O
contending	O
that	O
it	O
had	O
not	O
been	O
,	O
namely	O
that	O
this	O
was	O
a	O
case	O
of	O
loss	O
of	O
temper	O
in	O
the	O
context	O
of	O
an	O
argument	O
about	O
money	O
rather	O
than	O
loss	O
of	O
control	O
.	O
This	O
was	O
not	O
a	O
matter	O
of	O
semantics	O
.	O
It	O
was	O
the	O
central	O
issue	O
in	O
the	O
case	O
.	O
The	O
prosecution	O
case	O
was	O
that	O
this	O
was	O
a	O
killing	O
in	O
anger	O
,	O
uninfluenced	O
by	O
medical	O
condition	O
.	O
The	O
prosecution	O
contends	O
that	O
there	O
was	O
evidential	O
support	O
for	O
this	O
case	O
,	O
not	O
only	O
in	O
the	O
appellant	O
'	O
s	O
own	O
account	O
of	O
the	O
context	O
in	O
which	O
the	O
altercation	O
arose	O
,	O
but	O
in	O
her	B-defendant_is_female
subsequent	O
actions	O
,	O
explanations	O
and	O
false	O
scene	O
setting	O
,	O
including	O
wiping	O
up	O
bloodstains	O
and	O
clearing	O
up	O
the	O
scene	O
;	O
trying	O
to	O
make	O
it	O
look	O
as	O
if	O
her	B-defendant_is_female
mother	O
had	O
killed	O
herself	O
;	O
putting	O
the	O
knife	O
in	O
her	B-defendant_is_female
hand	O
;	O
giving	O
an	O
elaborate	O
initial	O
false	O
account	O
as	O
to	O
what	O
had	O
occurred	O
;	O
and	O
creating	O
what	O
the	O
prosecution	O
contended	O
was	O
an	O
invented	O
back	O
story	O
about	O
being	O
threatened	O
with	O
scissors	O
.	O
This	O
showed	O
a	O
person	O
who	O
was	O
in	O
control	O
of	O
herself	O
and	O
who	O
was	O
looking	O
for	O
ways	O
to	O
avoid	O
the	O
consequences	O
of	O
what	O
she	O
had	O
done	O
.	O

""""	O
We	O
agree	O
,	O
that	O
if	O
the	O
offence	O
did	O
not	O
take	O
place	O
as	O
[	O
the	O
appellant	O
]	O
describes	O
it	O
,	O
(	O
e	O
.	O
g	O
.	O
if	O
there	O
was	O
pre	O
-	O
planning	O
and	O
no	O
provocation	O
),	O
that	O
the	O
conditions	O
above	O
may	O
well	O
be	O
irrelevant	O
.	O
We	O
agree	O
that	O
the	O
defence	O
would	O
not	O
be	O
available	O
to	O
the	O
[	O
appellant	O
]	O
if	O
her	B-defendant_is_female
account	O
is	O
not	O
largely	O
accepted	O
"."""	O

In	O
assessing	O
this	O
third	O
element	O
the	O
[	O
appellant	O
]	O
is	O
to	O
be	O
judged	O
against	O
the	O
standard	O
of	O
a	O
person	O
with	O
a	O
normal	O
degree	O
,	O
and	O
not	O
an	O
abnormal	O
degree	O
,	O
of	O
tolerance	O
and	O
self	O
-	O
restraint	O
.	O
If	O
,	O
and	O
in	O
so	O
far	O
as	O
,	O
her	B-defendant_is_female
diagnosed	O
mental	O
disorders	O
reduced	O
her	B-defendant_is_female
general	O
capacity	O
for	O
tolerance	O
and	O
self	O
-	O
restraint	O
,	O
that	O
would	O
not	O
be	O
a	O
relevant	O
consideration	O
.	O
Her	O
diagnosed	O
mental	O
disorders	O
are	O
a	O
relevant	O
circumstance	O
of	O
the	O
[	O
appellant	O
],	O
but	O
are	O
not	O
relevant	O
to	O
the	O
question	O
of	O
the	O
degree	O
of	O
tolerance	O
and	O
self	O
-	O
restraint	O
which	O
would	O
be	O
exercised	O
by	O
the	O
hypothetical	O
person	O
referred	O
to	O
above	O
.	O
However	O
,	O
as	O
part	O
of	O
the	O
[	O
appellant	O
'	O
s	O
]	O
circumstances	O
you	O
are	O
entitled	O
to	O
take	O
into	O
account	O
as	O
part	O
of	O
the	O
background	O
that	O
she	O
had	O
a	O
history	O
of	O
having	O
been	O
abused	O
,	O
isolation	O
and	O
feeling	O
trapped	O
,	O
save	O
in	O
so	O
far	O
as	O
that	O
is	O
relevant	O
to	O
her	B-defendant_is_female
general	O
capacity	O
for	O
tolerance	O
and	O
abuse	O
"."""	O

The	O
next	O
topic	O
is	O
substantial	O
impairment	O
.	O
Therefore	O
,	O
it	O
is	O
not	O
disputed	O
that	O
at	O
the	O
time	O
she	O
was	O
suffering	O
from	O
an	O
abnormality	O
of	O
mental	O
functioning	O
from	O
a	O
recognised	O
medical	O
condition	O
,	O
but	O
the	O
[	O
appellant	O
'	O
s	O
]	O
responsibility	O
was	O
only	O
diminished	O
if	O
you	O
conclude	O
her	B-defendant_is_female
mental	O
ability	O
to	O
exercise	O
self	O
-	O
control	O
was	O
substantially	O
impaired	O
.	O
The	O
expression	O
'	O
substantially	O
'	O
is	O
an	O
ordinary	O
English	O
word	O
that	O
imports	O
a	O
question	O
of	O
degree	O
.	O
Whether	O
the	O
impairment	O
in	O
the	O
present	O
case	O
before	O
[	O
it	O
]	O
can	O
properly	O
be	O
described	O
as	O
substantial	O
is	O
an	O
issue	O
of	O
fact	O
for	O
you	O
to	O
resolve	O
.	O
Professor	O
Elliot	O
had	O
given	O
evidence	O
that	O
the	O
diagnoses	O
would	O
have	O
substantially	O
impaired	O
her	B-defendant_is_female
ability	O
to	O
exercise	O
self	O
-	O
control	O
.	O
The	O
prosecution	O
do	O
not	O
disagree	O
.	O
Therefore	O
,	O
the	O
issue	O
for	O
you	O
to	O
decide	O
is	O
whether	O
it	O
did	O
.	O

SR	O
,	O
the	O
complainant	O
,	O
was	O
born	O
in	O
December	O
1995	O
;	O
she	O
was	O
aged	O
between	O
five	B-victim_age
and	I-victim_age
six	I-victim_age
during	O
the	O
indictment	O
period	O
.	O
She	O
lived	O
with	O
her	O
parents	O
.	O
The	O
appellant	O
was	O
her	O
natural	O
uncle	O
.	O
At	O
the	O
relevant	O
time	O
he	O
was	O
in	O
his	O
mid	O
-	O
fifties	O
.	O
The	O
appellant	O
lived	O
with	O
his	O
mother	O
(	O
the	O
complainant	O
'	O
s	O
paternal	O
grandmother	O
)	O
at	O
her	O
home	O
Cardiff	O
.	O
The	O
complainant	O
and	O
her	O
mother	O
regularly	O
visited	O
the	O
home	O
of	O
the	O
complainant	O
'	O
s	O
grandmother	O
.	O
The	O
appellant	O
developed	O
a	O
close	O
relationship	O
with	O
the	O
complainant	O
,	O
and	O
she	O
received	O
gifts	O
from	O
him	O
.	O
She	O
regularly	O
played	O
in	O
his	O
bedroom	O
where	O
he	O
kept	O
colouring	O
books	O
,	O
a	O
children	O
'	O
s	O
play	O
tent	O
,	O
an	O
exercise	O
bicycle	O
and	O
various	O
videos	O
for	O
her	O
entertainment	O
.	O

The	O
appellant	O
also	O
pleaded	B-defendant_pleaded_guilty
guilty	I-defendant_pleaded_guilty
to	O
driving	O
otherwise	O
than	O
in	O
accordance	O
with	O
a	O
licence	O
,	O
contrary	O
to	O
section	O
87	O
of	O
the	O
1988	O
Act	O
,	O
for	O
which	O
the	O
judge	O
imposed	O
no	O
separate	O
penalty	O
.	O
He	O
also	O
imposed	O
no	O
separate	O
penalty	O
on	O
count	O
3	O
,	O
possessing	O
an	O
offensive	O
weapon	O
.	O
We	O
need	O
say	O
no	O
more	O
about	O
that	O
offence	O
.	O

MR	O
JUSTICE	O
GOOSE	O
:	O
On	O
28	O
September	O
2018	O
in	O
the	O
Crown	O
Court	O
at	O
Norwich	O
,	O
the	O
appellant	O
Martin	O
Ayres	O
,	O
who	O
is	O
now	O
aged	O
36	O
,	O
was	O
sentenced	O
to	O
imprisonment	O
for	O
life	O
,	O
with	O
a	O
minimum	O
term	O
of	O
10	O
years	O
'	O
custody	O
for	O
attempted	O
murder	O
.	O
He	O
had	O
previously	O
pleaded	B-defendant_pleaded_guilty
guilty	I-defendant_pleaded_guilty
on	O
4	O
May	O
2018	O
,	O
being	O
at	O
the	O
earliest	O
reasonable	O
opportunity	O
.	O
The	O
appellant	O
now	O
appeals	O
with	O
leave	O
against	O
that	O
sentence	O
.	O
His	O
appeal	O
is	O
confined	O
to	O
the	O
minimum	O
term	O
of	O
custody	O
imposed	O
.	O
He	O
accepts	O
that	O
imprisonment	B-defendant_original_sentence
for	I-defendant_original_sentence
life	I-defendant_original_sentence
cannot	O
be	O
the	O
subject	O
of	O
any	O
arguable	O
appeal	O
.	O

These	O
were	O
telling	O
details	O
of	O
the	O
effect	O
of	O
the	O
appellant	O
'	O
s	O
selfish	O
and	O
criminal	O
act	O
.	O
He	O
was	O
aged	B-defendant
50	I-'
at	O
the	O
date	O
of	O
sentence	O
and	O
had	O
39	B-previous_convictions
convictions	I-previous_convictions
from	O
1980	O
when	O
he	B-defendant_gender
was	O
13	O
to	O
2007	O
.	O
These	O
included	O
a	O
large	O
number	O
of	O
offences	O
of	O
dishonesty	O
and	O
violence	O
,	O
a	O
non	B-previous_convictions
-	I-previous_convictions
dwelling	I-previous_convictions
burglary	I-previous_convictions
in	O
1981	O
,	O
wounding	O
with	O
intent	O
and	O
non	B-previous_convictions
-	I-previous_convictions
dwelling	I-previous_convictions
burglary	I-previous_convictions
in	O
2002	O
for	O
which	O
he	B-defendant_gender
was	O
sentenced	O
to	O
a	O
term	O
of	O
three	O
years	O
'	O
imprisonment	O
,	O
and	O
a	O
non	B-previous_convictions
-	I-previous_convictions
dwelling	I-previous_convictions
burglary	I-previous_convictions
and	O
attempted	O
non	B-previous_convictions
-	I-previous_convictions
dwelling	I-previous_convictions
burglary	I-previous_convictions
in	O
2005	O
.	O
There	O
was	O
no	O
previous	O
conviction	O
for	O
dwelling	O
burglary	O
.	O
However	O
,	O
materially	O
on	O
1st	O
October	O
2007	O
he	B-defendant_gender
received	O
an	O
indeterminate	O
sentence	O
of	O
imprisonment	O
for	O
public	O
protection	O
for	O
three	O
offences	O
of	O
robbery	O
and	O
three	O
offences	O
of	O
having	O
a	O
firearm	O
with	O
intent	O
to	O
commit	O
an	O
indictable	O
offence	O
,	O
with	O
a	O
minimum	O
term	O
of	O
three	O
years	O
for	O
robbery	O
with	O
consecutive	O
terms	O
of	O
one	O
year	O
for	O
the	O
firearm	O
.	O

On	O
Friday	O
24	O
October	O
2014	O
the	O
appellant	O
went	O
out	O
for	O
a	O
long	O
evening	O
of	O
drinking	O
with	O
friends	O
,	O
at	O
the	O
end	O
of	O
which	O
she	O
was	O
dropped	O
off	O
near	O
the	O
house	O
at	O
about	O
02	O
.	O
00	O
on	O
Saturday	O
25	O
October	O
.	O
Her	O
friend	O
Becky	O
Haywood	O
had	O
been	O
dropped	O
off	O
first	O
and	O
sent	O
a	O
text	O
at	O
01	O
.	O
59	O
saying	O
she	O
was	O
home	O
.	O
The	O
appellant	O
used	O
her	O
iPhone	O
to	O
call	O
Becky	O
once	O
she	O
had	O
been	O
deposited	O
on	O
the	O
corner	O
.	O
That	O
call	O
commenced	O
at	O
02	O
.	O
03	O
.	O
53	O
and	O
ended	O
ending	O
at	O
02	O
.	O
06	O
.	O
12	O
.	O
The	O
applicant	O
said	O
she	O
smoked	O
a	O
cigarette	O
at	O
that	O
time	O
.	O
She	B-defendant_is_female
told	O
Becky	O
that	O
she	O
was	O
""""	O
on	O
her	O
way	O
home	O
""""	O
or	O
""""	O
nearly	O
home	O
"""."	O
She	B-defendant_is_female
had	O
been	O
dropped	O
off	O
on	O
the	O
corner	O
of	O
Waterloo	O
Road	O
and	O
Crescent	O
Road	O
,	O
a	O
shade	O
under	O
90	O
metres	O
as	O
the	O
crow	O
flies	O
(	O
a	O
little	O
longer	O
by	O
foot	O
)	O
from	O
her	O
front	O
door	O
.	O

Given	O
the	O
timings	O
and	O
the	O
appellant	O
'	O
s	O
presence	O
at	O
the	O
scene	O
,	O
the	O
prosecution	O
suggested	O
that	O
she	O
had	O
the	O
opportunity	O
to	O
set	O
the	O
fire	O
,	O
and	O
access	O
to	O
both	O
accelerant	O
and	O
means	O
of	O
ignition	O
.	O
She	B-defendant_is_female
admitted	O
that	O
she	O
regularly	O
went	O
into	O
the	O
garage	O
where	O
there	O
was	O
petrol	O
.	O
She	B-defendant_is_female
had	O
been	O
smoking	O
so	O
had	O
a	O
means	O
of	O
ignition	O
and	O
she	O
knew	O
that	O
the	O
front	O
door	O
to	O
the	O
house	O
and	O
the	O
back	O
door	O
of	O
the	O
garage	O
would	O
both	O
be	O
unlocked	O
.	O

She	O
gave	O
evidence	O
that	O
she	O
had	O
been	O
dropped	O
at	O
the	O
junction	O
of	O
Waterloo	O
Road	O
and	O
Crescent	O
Road	O
from	O
where	O
she	O
had	O
called	O
Becky	O
and	O
smoked	O
a	O
cigarette	O
,	O
which	O
took	O
some	O
time	O
.	O
Her	O
parents	O
did	O
not	O
know	O
that	O
she	O
smoked	O
and	O
that	O
was	O
why	O
she	O
lingered	O
after	O
she	O
was	O
dropped	O
off	O
.	O
She	B-defendant_is_female
could	O
not	O
account	O
for	O
what	O
she	O
had	O
been	O
doing	O
between	O
02	O
.	O
06	O
and	O
02	O
.	O
21	O
,	O
beyond	O
smoking	O
a	O
cigarette	O
,	O
but	O
she	O
had	O
not	O
been	O
setting	O
fire	O
to	O
her	O
house	O
.	O
She	B-defendant_is_female
had	O
walked	O
past	O
the	O
mouth	O
of	O
Sunningdale	O
,	O
when	O
she	O
became	O
aware	O
of	O
the	O
fire	O
from	O
noise	O
she	O
heard	O
.	O
She	B-defendant_is_female
did	O
not	O
remember	O
seeing	O
the	O
fire	O
engine	O
arrive	O
,	O
although	O
it	O
would	O
have	O
driven	O
along	O
the	O
road	O
where	O
she	O
says	O
she	O
was	O
standing	O
or	O
walking	O
.	O
Her	O
evidence	O
about	O
the	O
fire	O
engine	O
and	O
its	O
arrival	O
was	O
confused	O
.	O
She	B-defendant_is_female
saw	O
it	O
outside	O
the	O
house	O
,	O
together	O
with	O
ladders	O
.	O

Much	O
of	O
the	O
appellant	O
'	O
s	O
evidence	O
was	O
confused	O
,	O
indeed	O
contradictory	O
.	O
For	O
example	O
,	O
she	O
said	O
in	O
her	O
evidence	O
in	O
chief	O
that	O
her	O
boyfriend	O
,	O
who	O
lived	O
10	O
minutes	O
'	O
walk	O
away	O
,	O
knew	O
that	O
the	O
doors	O
were	O
often	O
unlocked	O
,	O
then	O
agreed	O
in	O
cross	O
-	O
examination	O
that	O
only	O
she	O
knew	O
.	O
She	B-defendant_is_female
was	O
cross	O
-	O
examined	O
on	O
the	O
detail	O
of	O
the	O
statements	O
she	O
had	O
made	O
to	O
the	O
police	O
,	O
which	O
were	O
inconsistent	O
on	O
matters	O
such	O
as	O
when	O
she	O
first	O
became	O
aware	O
of	O
the	O
fire	O
engines	O
and	O
precisely	O
where	O
she	O
was	O
at	O
the	O
that	O
time	O
.	O
She	B-defendant_is_female
was	O
unclear	O
whether	O
the	O
fire	O
brigade	O
had	O
arrived	O
before	O
she	O
called	O
Becky	O
at	O
02	O
.	O
21	O
.	O
55	O
(	O
as	O
we	O
had	O
seen	O
they	O
had	O
not	O
).	O
She	B-defendant_is_female
gave	O
unclear	O
evidence	O
about	O
where	O
she	O
was	O
when	O
she	O
made	O
that	O
call	O
and	O
also	O
about	O
what	O
she	O
did	O
thereafter	O
.	O
The	O
appellant	O
had	O
agreed	O
with	O
Mr	O
Hamer	O
that	O
she	O
was	O
nearer	O
paralytic	O
than	O
sober	O
and	O
the	O
evidence	O
of	O
Becky	O
was	O
that	O
she	O
was	O
hysterical	O
during	O
the	O
second	O
phone	O
call	O
.	O

At	O
the	O
conclusion	O
of	O
the	O
hearing	O
in	O
this	O
matter	O
we	O
dismissed	B-decision_refused
the	I-decision_refused
appeal	I-decision_refused
and	O
indicated	O
that	O
we	O
would	O
give	O
our	O
reasons	O
for	O
doing	O
so	O
at	O
a	O
later	O
date	O
.	O
We	O
now	O
do	O
so	O
.	O

Drawing	O
these	O
various	O
conclusions	O
together	O
,	O
it	O
is	O
the	O
judgment	O
of	O
the	O
court	O
that	O
,	O
in	O
addition	O
to	O
the	O
orders	O
under	O
the	O
Mental	O
Health	O
Act	O
,	O
an	O
extended	O
sentence	O
should	O
have	O
been	O
imposed	O
on	O
each	O
of	O
counts	O
1	O
to	O
6	O
,	O
consisting	O
of	O
a	O
custodial	O
term	O
of	O
fourteen	O
years	O
,	O
with	O
an	O
extended	O
period	O
of	O
licence	O
of	O
five	O
years	O
.	O
This	O
will	O
be	O
in	O
place	O
of	O
the	O
eleven	B-defendant_custodial_sentence_years
year	I-defendant_custodial_sentence_years
custodial	I-defendant_custodial_sentence_years
period	I-defendant_custodial_sentence_years
ordered	O
by	O
the	O
judge	O
on	O
each	O
count	O
as	O
the	O
penal	O
element	O
.	O
Time	O
spent	O
in	O
custody	O
on	O
remand	O
will	O
continue	O
to	O
count	O
towards	O
the	O
sentence	O
.	O

On	O
26	O
July	O
2019	O
,	O
he	O
was	O
sentenced	O
by	O
the	O
trial	O
judge	O
,	O
His	O
Honour	O
Judge	O
Davies	O
QC	O
,	O
to	O
a	O
term	O
of	O
eleven	B-defendant_original_sentence
years	I-defendant_original_sentence
'	I-defendant_original_sentence
imprisonment	I-defendant_original_sentence
on	O
each	O
count	O
of	O
rape	O
(	O
counts	O
1	O
to	O
6	O
)	O
and	O
to	O
three	O
years	O
'	O
imprisonment	O
for	O
breach	O
of	O
the	O
Sexual	O
Harm	O
Prevention	O
Order	O
(	O
count	O
7	O
),	O
to	O
be	O
served	O
concurrently	O
.	O
The	O
judge	O
was	O
satisfied	O
that	O
the	O
requirements	O
of	O
sections	O
37	O
and	O
41	O
of	O
the	O
Mental	O
Health	O
Act	O
1983	O
were	O
met	O
and	O
accordingly	O
made	O
a	O
hybrid	O
order	O
under	O
section	O
45A	O
and	O
B	O
of	O
that	O
Act	O
.	O
There	O
was	O
a	O
hospital	O
direction	O
and	O
a	O
limitation	O
direction	O
,	O
among	O
other	O
orders	O
,	O
and	O
a	O
Sexual	O
Harm	O
Prevention	O
Order	O
"("""	O
SHPO	O
""")"	O
was	O
imposed	O
until	O
further	O
order	O
.	O

She	O
closed	O
the	O
door	O
behind	O
him	O
.	O
She	B-victim_is_female
could	O
hear	O
him	O
talking	O
outside	O
.	O
Several	O
minutes	O
later	O
,	O
her	O
mobile	O
phone	O
rang	O
.	O
She	B-victim_is_female
did	O
not	O
recognise	O
the	O
number	O
,	O
but	O
feared	O
that	O
it	O
was	O
the	O
offender	O
.	O

It	O
is	O
clear	O
from	O
the	O
Victim	O
Personal	O
Statement	O
made	O
on	O
18	O
June	O
2019	O
that	O
the	O
crimes	O
have	O
had	O
a	O
significant	O
impact	O
on	O
the	O
victim	O
,	O
emotionally	O
,	O
physically	O
,	O
socially	O
and	O
at	O
her	O
work	O
.	O
She	B-victim_is_female
found	O
the	O
process	O
that	O
followed	O
the	O
incident	O
very	O
stressful	O
.	O
The	O
physical	O
examination	O
left	O
her	O
feeling	O
embarrassed	O
and	O
disgusted	O
.	O
She	B-victim_is_female
had	O
had	O
to	O
take	O
strong	O
medication	O
for	O
a	O
month	O
to	O
prevent	O
the	O
transmission	O
of	O
HIV	O
,	O
rendering	O
her	O
nauseous	O
and	O
exhausted	O
.	O
She	B-victim_is_female
had	O
been	O
tested	O
for	O
sexually	O
transmitted	O
diseases	O
and	O
had	O
received	O
several	O
prophylactic	O
injections	O
.	O
She	B-victim_is_female
had	O
started	O
to	O
suffer	O
panic	O
attacks	O
again	O
and	O
an	O
increased	O
level	O
of	O
anxiety	O
.	O
She	B-victim_is_female
felt	O
that	O
she	O
had	O
no	O
choice	O
but	O
to	O
tell	O
her	O
parents	O
.	O
This	O
had	O
worsened	O
matters	O
for	O
her	O
mother	O
who	O
suffered	O
from	O
mental	O
health	O
issues	O
.	O
She	B-victim_is_female
has	O
to	O
walk	O
through	O
the	O
building	O
every	O
day	O
,	O
which	O
was	O
a	O
constant	O
reminder	O
of	O
the	O
crimes	O
of	O
which	O
she	O
had	O
been	O
the	O
victim	O
.	O

the	O
Court	O
held	O
that	O
the	O
failure	O
by	O
the	O
trial	O
judge	O
to	O
give	O
a	O
direction	O
was	O
""""	O
a	O
serious	O
omission	O
and	O
unfairly	O
prejudicial	O
to	O
Jones	O
'	O
defence	O
"."""	O
This	O
particular	O
omission	O
was	O
sufficient	O
in	O
itself	O
to	O
render	O
the	O
conviction	B-appeal_against_conviction
unsafe	O
.	O
Auld	O
LJ	O
considered	O

In	O
the	O
afternoon	O
of	O
23	O
January	O
2017	O
Quamari	O
Serunjuma	O
-	O
Barnes	O
,	O
aged	O
15	O
,	O
was	O
chased	O
by	O
a	O
male	O
wearing	O
dark	O
clothing	O
and	O
stabbed	B-offence
with	I-offence
a	I-offence
knife	I-offence
outside	O
the	O
gates	O
of	O
his	O
school	O
in	O
North	O
-	O
West	O
London	O
.	O
One	O
of	O
the	O
three	O
stab	O
wounds	O
inflicted	O
on	O
him	O
passed	O
through	O
a	O
rib	O
and	O
cut	O
an	O
artery	O
.	O
He	O
died	O
that	O
evening	O
in	O
hospital	O
.	O

i	O
)	O
A	O
witness	O
,	O
Ms	O
Ghani	O
,	O
made	O
a	O
999	O
call	O
immediately	O
after	O
the	O
incident	O
in	O
which	O
she	B-victim_is_female
gave	O
what	O
she	B-victim_is_female
said	O
was	O
the	O
registration	O
number	O
of	O
the	O
car	O
driven	O
by	O
the	O
assailant	O
.	O
As	O
we	O
will	O
explain	O
shortly	O
,	O
that	O
assertion	O
involved	O
hearsay	O
evidence	O
.	O
The	O
number	O
reported	O
by	O
Ms	O
Ghani	O
"("""	O
PF06	O
TGZ	O
""")"	O
matched	O
the	O
number	O
of	O
a	O
black	O
Audi	O
car	O
of	O
which	O
the	O
appellant	O
was	O
the	O
registered	O
keeper	O
.	O

For	O
those	O
reasons	O
,	O
we	O
grant	O
the	O
necessary	O
extension	O
of	O
time	O
,	O
and	O
we	O
grant	O
leave	O
to	O
appeal	O
.	O
We	O
quash	O
the	O
sentence	O
of	O
9	B-defendant_original_sentence
years	I-defendant_original_sentence
'	I-defendant_original_sentence
imprisonment	I-defendant_original_sentence
and	O
substitute	O
for	O
it	O
a	O
sentence	O
of	O
5	O
years	O
'	O
imprisonment	O
.	O
To	O
that	O
extent	O
the	O
appeal	O
of	O
Mr	O
SM	O
succeeds	O
.	O
If	O
by	O
reason	O
of	O
his	O
deteriorating	O
physical	O
condition	O
Mr	O
SM	O
is	O
to	O
be	O
released	O
on	O
compassionate	O
grounds	O
sooner	O
than	O
on	O
the	O
expiry	O
of	O
his	O
sentence	O
,	O
that	O
must	O
be	O
for	O
the	O
Secretary	O
of	O
State	O
to	O
decide	O
.	O

LORD	O
JUSTICE	O
DAVIS	O
:	O
This	O
is	O
an	O
appeal	O
,	O
brought	O
by	O
leave	O
of	O
single	O
judge	O
,	O
against	O
sentence	O
.	O
The	O
appellant	O
is	O
Conor	O
Dobson	O
,	O
now	O
aged	O
24	O
.	O
On	O
13	O
April	O
2018	O
,	O
in	O
the	O
Crown	O
Court	O
at	O
Lewes	O
,	O
the	B-defendant_pleaded_guilty
appellant	I-defendant_pleaded_guilty
pleaded	I-defendant_pleaded_guilty
guilty	I-defendant_pleaded_guilty
to	O
a	O
count	O
of	O
manslaughter	O
and	O
to	O
a	O
count	O
of	O
burglary	O
.	O
On	O
6	O
August	O
2018	O
he	B-defendant_gender
was	O
sentenced	O
in	O
the	O
following	O
way	O
.	O
On	O
the	O
count	O
of	O
manslaughter	O
,	O
he	B-defendant_gender
was	O
sentenced	O
to	O
an	O
extended	O
sentence	O
of	O
18	O
years	O
,	O
comprising	O
a	O
custodial	O
term	O
of	O
15	O
years	O
and	O
an	O
extension	O
period	O
of	O
3	O
years	O
.	O
On	O
the	O
count	O
of	O
burglary	O
,	O
he	B-defendant_gender
was	O
sentenced	O
to	O
a	O
term	O
of	O
45	O
months	O
'	O
imprisonment	O
to	O
run	O
concurrently	O
.	O
The	O
total	O
sentence	O
therefore	O
was	O
an	O
extended	O
sentence	O
of	O
18	O
years	O
,	O
comprising	O
a	O
custodial	O
term	O
of	O
15	O
years	O
and	O
with	O
an	O
extended	O
licence	O
period	O
of	O
3	O
years	O
.	O
In	O
addition	O
,	O
further	O
orders	O
were	O
made	O
.	O
He	O
was	O
ordered	O
to	O
take	O
an	O
extended	O
driving	O
test	O
and	O
also	O
disqualified	O
from	O
driving	O
,	O
the	O
judge	O
indicating	O
a	O
broad	O
intention	O
,	O
of	O
posing	O
a	O
discretionary	O
disqualification	O
period	O
of	O
3	O
years	O
to	O
run	O
after	O
he	B-defendant_gender
had	O
served	O
the	O
relevant	O
part	O
of	O
his	O
sentence	O
.	O

i	O
"."""	O
Whilst	O
the	O
index	O
offence	O
represents	O
his	O
first	O
conviction	O
for	O
Manslaughter	O
,	O
the	O
behaviour	O
linked	O
to	O
this	O
offence	O
is	O
entrenched	O
.	O
Moreover	O
,	O
the	O
current	O
offence	O
of	O
Burglary	O
conforms	O
to	O
an	O
established	O
pattern	O
of	O
like	O
offending	O
.	O
Mr	O
Dobson	O
has	O
continued	O
to	O
prolifically	O
offend	O
despite	O
numerous	O
attempts	O
to	O
reduce	O
the	O
risk	O
he	B-defendant_gender
poses	O
,	O
and	O
the	O
seriousness	O
of	O
his	O
offending	O
behaviour	O
has	O
escalated	O
despite	O
seemingly	O
stabilising	O
factors	O
in	O
his	O
life	O
.	O
The	O
information	O
available	O
to	O
me	O
suggests	O
that	O
there	O
is	O
an	O
imminent	O
risk	O
of	O
serious	O
harm	O
upon	O
release	O
and	O
a	O
significant	O
risk	O
of	O
like	O
re	O
-	O
offending	O
"."""	O

In	O
such	O
circumstances	O
,	O
Mr	B-victim_is_male
Hughes	O
says	O
that	O
a	O
discount	O
of	O
just	O
one	O
year	O
was	O
simply	O
insufficient	O
and	O
was	O
wrong	O
in	O
principle	O
.	O
In	O
percentage	O
terms	O
it	O
connoted	O
a	O
discount	O
of	O
less	O
than	O
10	O
%.	O
Even	O
allowing	O
for	O
the	O
fact	O
that	O
the	O
maximum	O
discount	O
available	O
was	O
one	O
-	O
sixth	O
of	O
the	O
minimum	O
term	O
,	O
this	O
still	O
was	O
much	O
too	O
little	O
he	O
submitted	O
.	O
In	O
this	O
regard	O
,	O
he	O
also	O
referred	O
us	O
to	O
the	O
Definitive	O
Guideline	O
on	O
Reduction	O
on	O
Sentence	O
for	O
a	O
Guilty	O
Plea	O
issued	O
by	O
the	O
Sentencing	O
Council	O
.	O
At	O
paragraph	O
F1	O
this	O
is	O
said	O
:	O

Mr	O
Hughes	O
QC	O
,	O
on	O
behalf	O
of	O
the	O
appellant	O
,	O
advances	O
three	O
grounds	O
.	O
First	O
,	O
he	O
submits	O
that	O
insufficient	O
weight	O
had	O
been	O
given	O
to	O
the	O
appellant	O
'	O
s	O
mental	O
health	O
issues	O
when	O
considering	O
his	O
culpability	O
.	O
He	O
submits	O
that	O
a	O
deduction	O
of	O
just	O
one	O
year	O
from	O
the	O
stated	O
figure	O
of	O
18	O
years	O
was	O
insufficient	O
to	O
reflect	O
the	O
mental	O
health	O
issues	O
of	O
the	O
appellant	O
.	O
Second	O
,	O
he	O
complains	O
that	O
the	O
further	O
reduction	O
of	O
one	O
year	O
was	O
entirely	O
insufficient	O
to	O
reflect	O
the	O
appellant	O
'	O
s	O
earlier	O
admissions	O
of	O
killing	O
the	O
deceased	O
and	O
furthermore	O
,	O
his	O
early	O
acceptance	O
of	O
guilt	O
of	O
manslaughter	B-previous_convictions
by	O
reason	O
of	O
diminished	O
responsibility	O
.	O
Third	O
,	O
he	O
criticises	O
the	O
judge	O
'	O
s	O
assessment	O
of	O
the	O
aggravating	O
factors	O
whereby	O
the	O
judge	O
increased	O
the	O
starting	O
point	O
from	O
15	B-defendant_custodial_sentence_years
years	I-defendant_custodial_sentence_years
to	O
18	O
years	O
before	O
factoring	O
in	O
such	O
mitigation	O
as	O
was	O
available	O
.	O

It	O
is	O
against	B-appeal_against_sentence
that	I-appeal_against_sentence
sentence	I-appeal_against_sentence
which	O
the	O
appellant	O
now	O
appeals	O
and	O
he	O
does	O
so	O
by	O
leave	O
of	O
the	O
single	O
judge	O
.	O

The	O
appellant	O
is	O
subject	O
to	O
random	O
alcohol	O
and	O
drug	O
testing	O
.	O
He	O
is	O
breathalysed	O
twice	O
a	O
week	O
and	O
tested	O
for	O
drugs	O
at	O
least	O
once	O
a	O
fortnight	O
.	O
This	O
testing	O
is	O
carried	O
out	O
at	O
the	O
hospital	O
.	O
He	O
has	O
not	O
failed	O
a	O
test	O
.	O
He	O
told	O
Dr	O
Cornish	O
that	O
he	B-defendant_gender
had	O
not	O
used	O
drugs	O
or	O
alcohol	O
since	O
he	B-defendant_gender
committed	O
the	O
index	O
offence	O
,	O
and	O
that	O
is	O
consistent	O
with	O
the	O
prison	O
and	O
hospital	O
records	O
.	O
He	O
remains	O
on	O
antipsychotic	O
and	O
antidepressant	O
medication	O
.	O
Dr	O
Lally	O
said	O
in	O
answer	O
to	O
questions	O
from	O
Mr	B-victim_gender
Ray	O
that	O
he	B-defendant_gender
is	O
very	O
open	O
about	O
his	O
symptoms	O
,	O
and	O
that	O
nowadays	O
the	O
voices	O
subside	O
very	O
quickly	O
and	O
outbursts	O
of	O
anger	O
have	O
become	O
less	O
frequent	O
.	O

Dr	O
Cornish	O
reports	O
that	O
the	O
current	O
general	O
recommendation	O
is	O
that	O
offenders	O
with	O
personality	O
disorders	O
are	O
best	O
treated	O
in	O
a	O
prison	O
setting	O
or	O
in	O
the	O
community	O
,	O
and	O
not	O
in	O
hospital	O
.	O
However	O
,	O
he	B-defendant_gender
observes	O
,	O
the	O
appellant	O
did	O
not	O
respond	O
to	O
treatment	O
in	O
prison	O
,	O
and	O
required	O
a	O
transfer	O
to	O
hospital	O
,	O
where	O
the	O
treatment	O
he	B-defendant_gender
received	O
has	O
proved	O
effective	O
.	O
Therefore	O
,	O
in	O
hindsight	O
,	O
he	B-defendant_gender
concludes	O
,	O
""""	O
placing	O
[	O
the	O
Appellant	O
]	O
in	O
the	O
hospital	O
pathway	O
at	O
the	O
point	O
of	O
sentence	O
may	O
well	O
have	O
been	O
the	O
most	O
appropriate	O
disposal	O
"""."	O

Dr	O
Cornish	O
and	O
Dr	O
Lally	O
describe	O
in	O
some	O
detail	O
the	O
history	O
that	O
led	O
to	O
the	O
appellant	O
being	O
transferred	O
from	O
prison	O
to	O
the	O
Oxford	O
Clinic	O
to	O
some	O
of	O
which	O
we	O
have	O
already	O
referred	O
.	O
During	O
his	O
time	O
in	O
prison	O
he	B-defendant_gender
was	O
reported	O
as	O
having	O
worked	O
hard	O
to	O
address	O
his	O
addiction	O
issues	O
which	O
were	O
acknowledged	O
as	O
a	O
key	O
factor	O
in	O
assessing	O
his	O
risk	O
.	O
Dr	O
Cornish	O
accepted	O
that	O
the	O
appellant	O
tried	O
to	O
complete	O
offending	O
based	O
interventions	O
within	O
a	O
prison	O
-	O
based	O
setting	O
,	O
that	O
he	B-defendant_gender
was	O
reported	O
to	O
have	O
shown	O
good	O
motivation	O
,	O
and	O
that	O
he	B-defendant_gender
was	O
actively	O
involved	O
in	O
completing	O
a	O
number	O
of	O
stand	O
-	O
alone	O
courses	O
.	O
He	O
also	O
went	O
to	O
a	O
prison	O
Therapeutic	O
Community	O
specifically	O
provided	O
for	O
offenders	O
with	O
below	O
average	O
intellectual	O
functioning	O
,	O
which	O
Dr	O
Cornish	O
explained	O
is	O
at	O
the	O
highest	O
end	O
of	O
the	O
hierarchy	O
of	O
interventions	O
offered	O
for	O
offenders	O
within	O
a	O
custodial	O
setting	O
.	O
However	O
,	O
that	O
proved	O
to	O
be	O
unsuitable	O
for	O
the	O
appellant	O
because	O
of	O
his	O
personality	O
disorder	O
.	O

Following	O
his	O
transfer	O
to	O
hospital	O
,	O
the	O
appellant	O
settled	O
relatively	O
quickly	O
on	O
the	O
acute	O
ward	O
and	O
engaged	O
well	O
with	O
occupational	O
therapy	O
,	O
his	O
psychologist	O
,	O
and	O
dual	O
diagnosis	O
work	O
.	O
He	O
continued	O
to	O
make	O
good	O
progress	O
into	O
the	O
early	O
part	O
of	O
2016	O
when	O
he	B-defendant_gender
changed	O
to	O
work	O
with	O
a	O
new	O
psychologist	O
,	O
Dr	O
Barker	O
.	O
He	O
engaged	O
well	O
in	O
psychological	O
work	O
,	O
exploring	O
issues	O
around	O
anger	O
and	O
the	O
need	O
to	O
build	O
emotional	O
resilience	O
.	O
There	O
have	O
been	O
occasional	O
angry	O
outbursts	O
on	O
the	O
ward	O
,	O
but	O
he	B-defendant_gender
has	O
not	O
been	O
violent	O
.	O

(	O
a	O
)	O
none	O
of	O
the	O
provisions	O
of	O
Part	O
II	O
of	O
this	O
Act	O
relating	O
to	O
the	O
duration	O
,	O
renewal	O
and	O
expiration	O
of	O
authority	O
for	O
the	O
detention	O
of	O
patients	O
shall	O
apply	O
,	O
and	O
the	O
patient	O
shall	O
continue	O
to	O
be	O
liable	O
to	O
be	O
detained	O
by	O
virtue	O
of	O
the	O
relevant	O
hospital	O
order	O
until	O
he	B-defendant_gender
is	O
duly	O
discharged	O
under	O
the	O
said	O
Part	O
II	O
or	O
absolutely	O
discharged	O
under	O
section	O
42	O
,	O
73	O
,	O
74	O
or	O
75	O
below	O

It	O
follows	O
that	O
for	O
all	O
practical	O
purposes	O
the	O
appellant	O
is	O
now	O
in	O
the	O
same	O
position	O
as	O
he	B-defendant_gender
would	O
have	O
been	O
had	O
the	O
judge	O
passed	O
an	O
indeterminate	O
sentence	O
of	O
imprisonment	O
for	O
public	O
protection	O
linked	O
with	O
an	O
order	O
under	B-offence
Section	I-offence
45A	I-offence
of	I-offence
the	I-offence
Mental	I-offence
Health	I-offence
Act	I-offence
(	O
save	O
that	O
the	O
treatment	O
would	O
probably	O
have	O
begun	O
earlier	O
).	O
As	O
matters	O
stand	O
the	O
restriction	O
which	O
currently	O
permits	O
his	O
recall	O
to	O
hospital	O
will	O
fall	O
away	O
on	O
his	O
release	O
.	O

The	O
extent	O
to	O
which	O
the	O
offender	O
needs	O
treatment	O
for	O
the	O
mental	O
disorder	O
from	O
which	O
he	B-defendant_gender
suffers	O

As	O
to	O
the	O
way	O
in	O
which	O
a	O
single	O
breach	O
of	O
the	O
conditions	O
imposed	O
under	O
the	O
two	O
regimes	O
would	O
be	O
dealt	O
with	O
,	O
if	O
he	B-defendant_gender
were	O
given	O
a	O
conditional	O
release	O
from	O
hospital	O
,	O
the	O
initial	O
response	O
to	O
a	O
breach	O
was	O
likely	O
to	O
be	O
an	O
increase	O
in	O
vigilance	O
and	O
supervision	O
.	O
If	O
he	B-defendant_gender
were	O
released	O
on	O
licence	O
,	O
the	O
consequences	O
would	O
depend	O
on	O
how	O
probation	O
viewed	O
the	O
breach	O
.	O
He	O
would	O
not	O
be	O
recalled	O
to	O
prison	O
unless	O
it	O
could	O
be	O
proved	O
that	O
the	O
risk	O
to	O
the	O
public	O
had	O
increased	O
,	O
and	O
in	O
Dr	O
Lally	O
'	O
s	O
experience	O
(	O
which	O
was	O
limited	O
to	O
offenders	O
who	O
were	O
recalled	O
)	O
the	O
offender	O
would	O
have	O
several	O
warnings	O
and	O
there	O
would	O
usually	O
be	O
a	O
deterioration	O
in	O
behaviour	O
and	O
/	O
or	O
presentation	O
before	O
he	B-defendant_gender
was	O
recalled	O
.	O

On	O
13	O
June	O
2013	O
he	O
was	O
sentenced	O
on	O
count	O
1	O
to	O
imprisonment	O
for	O
life	O
(	O
33	O
years	O
was	O
specified	O
as	O
the	O
minimum	O
term	O
under	O
section	O
269	O
(	O
2	O
)	O
Criminal	O
Justice	O
Act	O
2003	O
),	O
and	O
to	O
24	B-defendant_original_sentence
years	I-defendant_original_sentence
'	I-defendant_original_sentence
imprisonment	I-defendant_original_sentence
on	O
each	O
of	O
counts	O
2	O
,	O
3	O
and	O
4	O
,	O
concurrent	O
with	O
each	O
other	O
and	O
with	O
the	O
sentence	O
imposed	O
on	O
count	O
1	O
.	O

In	O
these	O
particular	O
circumstances	O
,	O
we	O
have	O
exceptionally	O
granted	O
,	O
first	O
,	O
the	O
significant	O
extension	O
of	O
time	O
so	O
that	O
this	O
evidence	O
can	O
be	O
received	O
,	O
and	O
,	O
second	O
,	O
leave	O
to	O
introduce	O
the	O
CCTV	O
evidence	O
and	O
the	O
statement	O
of	O
the	O
expert	O
,	O
Raymond	O
Evans	O
,	O
in	O
the	O
interests	O
of	O
justice	O
.	O
We	O
granted	B-decision_granted
leave	I-decision_granted
to	I-decision_granted
appeal	I-decision_granted
on	O
the	O
basis	O
that	O
,	O
once	O
admitted	O
,	O
the	O
CCTV	O
evidence	O
and	O
the	O
accompanying	O
analysis	O
merited	O
consideration	O
by	O
the	O
full	O
court	O
.	O

In	O
addition	O
,	O
when	O
sentencing	O
Mr	B-defendant_gender
Bexley	O
,	O
the	O
judge	O
indicated	O
that	O
it	O
was	O
part	O
of	O
his	O
basis	O
of	O
plea	O
that	O
he	O
only	O
hesitated	O
to	O
take	O
the	O
firearm	O
and	O
bullets	O
immediately	O
to	O
the	O
police	O
because	O
he	O
and	O
his	O
family	O
had	O
been	O
subjected	O
to	O
threats	O
and	O
intimidation	O
by	O
the	O
owner	O
of	O
the	O
firearm	O
.	O
This	O
was	O
a	O
significant	O
feature	O
of	O
Mr	O
Bexley	O
'	O
s	O
account	O
to	O
the	O
author	O
of	O
the	O
pre	O
-	O
sentence	O
report	O
,	O
and	O
the	O
judge	O
accepted	O
it	O
.	O

guidelines	O
and	O
set	O
out	O
submissions	O
as	O
to	O
why	O
there	O
were	O
exceptional	O
circumstances	O
relating	O
both	O
to	O
the	O
offence	O
and	O
to	O
the	O
offender	O
.	O
As	O
regards	O
the	O
offence	O
,	O
counsel	O
referred	O
to	O
the	O
fact	O
that	O
Mr	B-defendant_gender
Bexley	O
had	O
voluntarily	O
gone	O
to	O
the	O
police	O
station	O
with	O
the	O
intention	O
of	O
handing	O
over	O
the	O
firearm	O
in	O
order	O
to	O
eliminate	O
the	O
risk	O
that	O
it	O
could	O
be	O
used	O
by	O
somebody	O
for	O
criminal	O
purposes	O
.	O
He	O
also	O
referred	O
to	O
the	O
fact	O
that	O
the	O
forensic	O
evidence	O
demonstrated	O
that	O
the	O
firing	O
pin	O
was	O
missing	O
.	O
The	O
forensic	O
evidence	O
also	O
supported	O
the	O
appellant	O
'	O
s	O
account	O
that	O
he	O
had	O
never	O
used	O
it	O
.	O

was	O
born	O
on	O
10	O
September	O
1977	O
and	O
was	O
thus	O
31	O
at	O
the	O
date	O
of	O
the	O
offence	O
and	O
just	O
32	B-defendant
at	O
the	O
date	O
of	O
sentence	O
.	O

The	O
applicant	O
denied	O
that	O
he	B-defendant_gender
was	O
involved	O
in	O
any	O
way	O
in	O
either	O
of	O
the	O
conspiracies	O
.	O

Mr	O
Qayyum	O
'	O
s	O
statement	O
goes	O
on	O
to	O
refer	O
to	O
the	O
fact	O
that	O
heroin	O
was	O
to	O
be	O
delivered	O
to	O
the	O
address	O
in	O
Southall	O
which	O
is	O
mentioned	O
in	O
a	O
text	O
message	O
stored	O
in	O
his	O
own	O
mobile	O
phone	O
and	O
which	O
message	O
includes	O
the	O
name	O
M	O
Aslam	O
.	O
As	O
to	O
this	O
,	O
he	B-defendant_gender
says	O
that	O
he	B-defendant_gender
was	O
asked	O
by	O
someone	O
in	O
Pakistan	O
,	O
whom	O
he	B-defendant_gender
does	O
not	O
wish	O
to	O
name	O
,	O
to	O
check	O
up	O
on	O
a	O
parcel	O
that	O
was	O
being	O
delivered	O
to	O
that	O
address	O
.	O
He	O
went	O
to	O
the	O
address	O
,	O
looked	O
around	O
and	O
could	O
find	O
no	O
suggestion	O
that	O
there	O
was	O
any	O
police	O
activity	O
.	O
He	O
adds	O
at	O
paragraph	O
13	O
:	O

From	O
this	O
position	O
,	O
Mr	O
Schofield	O
argues	O
that	O
there	O
is	O
reason	O
to	O
believe	O
that	O
the	O
transcript	O
has	O
been	O
improperly	O
edited	O
so	O
as	O
to	O
exclude	O
important	O
content	O
.	O
He	O
submits	O
that	O
it	O
is	O
the	O
applicant	O
'	O
s	O
case	O
,	O
""""	O
supported	O
by	O
Qayyum	O
'	O
s	O
account	O
and	O
the	O
real	O
possibility	O
that	O
his	O
interview	O
under	O
caution	O
has	O
been	O
improperly	O
edited	O
""","	O
that	O
both	O
the	O
595	O
and	O
596	O
phones	O
were	O
being	O
used	O
by	O
members	O
of	O
the	O
Zeb	O
Khan	O
family	O
and	O
were	O
nothing	O
to	O
do	O
with	O
either	O
the	O
applicant	O
or	O
Zaheer	O
Hussain	O
.	O
Mr	O
Schofield	O
submits	O
that	O
he	B-defendant_gender
is	O
not	O
able	O
properly	O
to	O
present	O
his	O
application	O
for	O
leave	O
to	O
appeal	B-appeal_against_conviction
against	I-appeal_against_conviction
conviction	I-appeal_against_conviction
until	O
the	O
prosecution	O
have	O
been	O
required	O
,	O
by	O
an	O
order	O
of	O
this	O
court	O
,	O
to	O
cause	O
an	O
analysis	O
to	O
be	O
made	O
on	O
a	O
bit	O
for	O
bit	O
basis	O
of	O
the	O
original	O
master	O
recording	O
to	O
see	O
whether	O
the	O
transcript	O
is	O
accurate	O
and	O
to	O
see	O
whether	O
anything	O
has	O
been	O
omitted	O
.	O
Mr	O
Duck	O
tells	O
us	O
,	O
and	O
of	O
course	O
we	O
accept	O
,	O
that	O
the	O
master	O
recording	O
has	O
recently	O
been	O
listened	O
to	O
by	O
the	O
officer	O
in	O
charge	O
of	O
the	O
case	O
and	O
by	O
a	O
representative	O
of	O
the	O
CPS	O
and	O
found	O
to	O
tally	O
accurately	O
with	O
the	O
transcript	O
.	O
But	O
,	O
says	O
Mr	O
Schofield	O
,	O
that	O
does	O
not	O
answer	O
the	O
point	O
that	O
there	O
may	O
have	O
been	O
interference	O
with	O
the	O
disk	O
so	O
as	O
to	O
make	O
it	O
match	O
the	O
improperly	O
circumscribed	O
transcript	O
.	O

In	O
any	O
event	O
,	O
Mr	O
Colwell	O
'	O
s	O
report	O
does	O
not	O
in	O
our	O
view	O
assist	O
the	O
applicant	O
and	O
is	O
not	O
capable	O
of	O
doing	O
so	O
.	O
It	O
is	O
based	O
,	O
as	O
we	O
have	O
indicated	O
,	O
on	O
a	O
number	O
of	O
assumptions	O
for	O
which	O
there	O
does	O
not	O
appear	O
to	O
be	O
any	O
particular	O
basis	O
.	O
Moreover	O
,	O
Mr	O
Colwell	O
relies	O
on	O
his	O
own	O
survey	O
conducted	O
four	O
years	O
after	O
the	O
material	O
time	O
and	O
he	B-defendant_gender
is	O
not	O
able	O
to	O
put	O
forward	O
any	O
basis	O
for	O
suggesting	O
that	O
there	O
has	O
been	O
no	O
material	O
change	O
in	O
network	O
coverage	O
during	O
the	O
intervening	O
years	O
.	O
It	O
is	O
clear	O
on	O
the	O
face	O
of	O
Mr	O
Colwell	O
'	O
s	O
report	O
that	O
such	O
a	O
change	O
could	O
be	O
capable	O
of	O
explaining	O
the	O
difference	O
between	O
his	O
2016	O
findings	O
and	O
the	O
findings	O
made	O
during	O
the	O
contemporaneous	O
cell	O
site	O
survey	O
which	O
was	O
relied	O
on	O
by	O
the	O
prosecution	O
at	O
trial	O
.	O
Importantly	O
,	O
as	O
it	O
seems	O
to	O
us	O
,	O
there	O
is	O
nothing	O
in	O
Mr	O
Colwell	O
'	O
s	O
report	O
which	O
provides	O
any	O
basis	O
for	O
saying	O
that	O
the	O
evidence	O
relied	O
upon	O
by	O
the	O
prosecution	O
was	O
unreliable	O
.	O
There	O
is	O
merely	O
the	O
assertion	O
that	O
a	O
survey	O
taken	O
four	O
years	O
later	O
gave	O
rise	O
to	O
differing	O
results	O
.	O

In	O
those	O
circumstances	O
,	O
we	O
are	O
satisfied	O
that	O
none	O
of	O
the	O
proposed	O
further	O
evidence	O
can	O
even	O
arguably	O
be	O
received	O
as	O
fresh	O
evidence	O
pursuant	O
to	O
section	B-offence
23	I-offence
of	I-offence
the	I-offence
1968	I-offence
Act	I-offence
and	O
we	O
are	O
satisfied	O
that	O
there	O
is	O
no	O
arguable	O
ground	O
for	O
saying	O
that	O
the	O
applicant	O
'	O
s	O
convictions	O
are	O
unsafe	O
.	O
The	O
reasons	O
which	O
we	O
have	O
given	O
in	O
this	O
judgment	O
are	O
substantially	O
those	O
which	O
were	O
more	O
succinctly	O
given	O
in	O
writing	O
by	O
the	O
single	O
judge	O
when	O
she	O
refused	B-decision_refused
leave	O
to	O
appeal	O
on	O
the	O
papers	O
.	O
It	O
follows	O
that	O
no	O
purpose	O
would	O
be	O
served	O
by	O
granting	O
any	O
extension	O
of	O
time	O
and	O
that	O
no	O
ground	O
has	O
been	O
shown	O
for	O
the	O
court	O
to	O
make	O
any	O
of	O
the	O
orders	O
in	O
relation	O
to	O
disclosure	O
which	O
have	O
been	O
sought	O
by	O
the	O
applicant	O
.	O

:	O
After	O
a	O
trial	O
in	O
the	O
Crown	O
Court	O
at	O
Bristol	O
,	O
Nicola	O
Townsend	O
was	O
convicted	O
of	O
the	O
manslaughter	O
of	O
her	B-defendant_is_female
father	O
,	O
Terence	O
Townsend	O
,	O
and	O
witness	O
intimidation	O
in	O
relation	O
to	O
her	B-defendant_is_female
brother	O
-	O
in	O
-	O
law	O
,	O
Douglas	O
Campbell	O
.	O
She	O
later	O
pleaded	B-defendant_pleaded_guilty
guilty	I-defendant_pleaded_guilty
to	O
an	O
offence	O
of	O
breach	O
of	O
a	O
restraining	O
order	O
in	O
respect	O
of	O
her	B-defendant_is_female
sister	O
,	O
Deborah	O
Makin	O
.	O
For	O
these	O
three	O
offences	O
she	O
was	O
sentenced	O
on	O
20th	O
September	O
2019	O
to	O
a	O
total	O
of	O
2	O
years	O
8	O
months	O
'	O
imprisonment	O
.	O
Her	O
Majesty	O
'	O
s	O
Attorney	O
General	O
believes	O
that	O
sentence	O
to	O
be	O
unduly	O
lenient	O
.	O
Application	O
is	O
accordingly	O
made	O
,	O
pursuant	O
to	O
section	O
36	O
of	O
the	O
Criminal	O
Justice	O
Act	O
1988	O
,	O
for	O
leave	O
to	O
refer	O
the	O
case	O
to	O
this	O
court	O
so	O
that	O
the	O
sentencing	O
may	O
be	O
reviewed	O
.	O

Miss	O
Townsend	O
has	O
also	O
shown	O
herself	O
over	O
a	O
number	O
of	O
years	O
to	O
be	O
emotionally	O
volatile	O
.	O
She	O
has	O
been	O
aggressive	O
and	O
on	O
occasions	O
violent	O
towards	O
members	O
of	O
her	B-defendant_is_female
family	O
.	O
In	O
particular	O
,	O
she	O
had	O
on	O
occasions	O
lost	O
her	B-defendant_is_female
temper	O
with	O
her	B-defendant_is_female
father	B-victim_is_male
and	O
had	O
sometimes	O
scratched	O
or	O
bruised	O
him	O
.	O
Such	O
incidents	O
were	O
kept	O
within	O
the	O
family	O
and	O
not	O
reported	O
.	O

As	O
to	O
mitigation	O
,	O
Mr	O
Little	O
recognises	O
that	O
there	O
was	O
an	O
absence	O
of	O
previous	O
convictions	O
,	O
though	O
points	O
out	O
that	O
that	O
fact	O
must	O
be	O
seen	O
in	O
the	O
context	O
of	O
undisclosed	O
previous	O
incidents	O
in	O
which	O
Miss	O
Townsend	O
had	O
injured	O
her	B-defendant_is_female
father	O
.	O
He	B-victim_is_male
accepts	O
that	O
there	O
was	O
no	O
premeditation	O
of	O
the	O
assault	O
which	O
led	O
to	O
death	O
.	O
He	B-victim_is_male
accepts	O
that	O
mitigation	O
is	O
to	O
be	O
found	O
in	O
the	O
mental	O
health	O
difficulties	O
suffered	O
by	O
Miss	O
Townsend	O
,	O
in	O
the	O
unsophisticated	O
nature	O
of	O
the	O
offences	O
of	O
witness	O
intimidation	O
and	O
breach	O
of	O
the	O
restraining	O
order	O
and	O
in	O
the	O
guilty	O
plea	O
for	O
the	O
latter	O
offence	O
.	O
He	B-victim_is_male
accepts	O
that	O
the	O
judge	O
was	O
entitled	O
,	O
having	O
regard	O
to	O
Miss	O
Townsend	O
'	O
s	O
mental	O
health	O
problems	O
,	O
to	O
move	O
downwards	O
from	O
the	O
category	O
C	O
starting	O
point	O
of	O
6	O
years	O
'	O
imprisonment	O
.	O
But	O
,	O
he	O
submits	O
,	O
the	O
sentence	O
of	O
3	O
-	O
and	O
-	O
a	O
-	O
half	O
years	O
,	O
which	O
the	O
judge	O
appears	O
to	O
have	O
regarded	O
as	O
appropriate	O
after	O
considering	O
all	O
the	O
aggravating	O
features	O
but	O
before	O
taking	O
account	O
of	O
mitigation	O
,	O
was	O
itself	O
far	O
too	O
low	O
and	O
the	O
eventual	O
sentence	O
,	O
totalling	O
2	O
years	O
8	O
months	O
'	O
imprisonment	O
,	O
was	O
unduly	O
lenient	O
.	O

We	O
shall	O
refer	O
to	O
the	O
victim	O
of	O
the	O
offence	O
as	O
""""	O
W	O
"""."	O
She	B-victim_is_female
is	O
entitled	O
to	O
the	O
protection	O
of	O
the	O
provisions	O
of	O
the	O
Sexual	O
Offences	O
(	O
Amendment	O
)	O
Act	O
1992	O
.	O
Accordingly	O
,	O
during	O
her	O
lifetime	O
no	O
matter	O
may	O
be	O
included	O
in	O
any	O
publication	O
if	O
it	O
is	O
likely	O
to	O
lead	O
members	O
of	O
the	O
public	O
to	O
identify	O
her	O
as	O
the	O
victim	O
of	O
this	O
offence	O
.	O

Ayman	O
Aziz	O
is	O
now	O
aged	O
17	O
.	O
On	O
14	O
December	O
2018	O
,	O
after	O
a	O
trial	O
in	O
the	O
Crown	O
Court	O
at	O
Wolverhampton	O
,	O
he	O
was	O
convicted	O
by	O
a	O
jury	O
of	O
the	O
rape	B-offence
and	I-offence
murder	I-offence
of	O
a	O
14	O
-	O
year	O
-	O
old	O
girl	O
.	O
On	O
22	O
February	O
2019	O
,	O
he	O
was	O
sentenced	O
by	O
the	O
trial	O
judge	O
,	O
Mr	O
Justice	O
Jeremy	O
Baker	O
.	O
The	O
judge	O
imposed	O
the	O
mandatory	O
sentence	O
of	O
detention	O
at	O
Her	O
Majesty	O
'	O
s	O
pleasure	O
for	O
murder	O
,	O
pursuant	O
to	O
section	O
90	O
of	O
the	O
Powers	O
of	O
Criminal	O
Courts	O
(	O
Sentencing	O
)	O
Act	O
2000	O
.	O
He	O
specified	O
a	O
minimum	O
term	O
of	O
19	O
years	O
.	O
A	O
sentence	O
of	O
ten	O
years	O
'	O
detention	O
was	O
passed	O
for	O
the	O
rape	O
,	O
to	O
be	O
served	O
concurrently	O
.	O

Viktorija	O
had	O
been	O
friends	O
with	O
Aziz	O
.	O
He	O
was	O
born	O
on	O
21	O
January	O
2002	O
and	O
so	O
was	O
16	B-defendant
years	I-'
and	I-s_age
three	I-defendant
months	I-'
at	O
the	O
time	O
.	O
They	O
had	O
lost	O
touch	O
for	O
a	O
while	O
but	O
were	O
in	O
contact	O
again	O
just	O
over	O
a	O
week	O
before	O
Viktorija	O
'	O
s	O
death	O
.	O
On	O
11	O
April	O
2018	O
,	O
she	O
told	O
others	O
that	O
she	O
was	O
going	O
to	O
meet	O
a	O
friend	O
in	O
""""	O
the	O
black	O
house	O
""","	O
referring	O
to	O
a	O
pavilion	O
in	O
West	O
Park	O
.	O
Facebook	O
messages	O
revealed	O
that	O
she	O
and	O
Aziz	O
had	O
agreed	O
to	O
meet	O
up	O
that	O
evening	O
,	O
to	O
chat	O
,	O
""""	O
smoke	O
weed	O
""","	O
and	O
to	O
discuss	O
travelling	O
down	O
to	O
London	O
together	O
the	O
following	O
day	O
.	O
CCTV	O
and	O
telephone	O
evidence	O
indicated	O
that	O
Aziz	O
had	O
arrived	O
at	O
the	O
park	O
shortly	O
before	O
Viktorija	O
.	O
His	O
phone	O
was	O
switched	O
off	O
45	O
minutes	O
later	O
,	O
and	O
he	O
left	O
the	O
park	O
some	O
two	O
hours	O
after	O
he	O
had	O
arrived	O
.	O

The	O
two	O
groups	O
had	O
been	O
in	O
Blackbird	O
Leys	O
Park	O
shortly	O
before	O
11	O
pm	O
where	O
they	O
had	O
engaged	O
in	O
a	O
violent	O
confrontation	O
.	O
The	O
altercation	O
spilled	O
out	O
into	O
Cuddesdon	O
Way	O
,	O
and	O
Christopher	O
Lemonius	O
had	O
become	O
separated	O
from	O
his	O
group	O
.	O
He	O
had	O
retreated	O
into	O
an	O
alleyway	O
that	O
ran	O
along	O
the	O
back	O
of	O
Jourdain	O
Road	O
.	O
No	O
.	O
2	O
Jourdain	O
Road	O
was	O
the	O
home	O
of	O
the	O
Lamzini	O
family	O
,	O
and	O
he	B-victim_gender
had	O
run	O
into	O
their	O
garden	O
and	O
then	O
into	O
the	O
back	O
of	O
their	O
house	O
.	O
From	O
there	O
he	B-victim_gender
had	O
been	O
dragged	O
and	O
attacked	O
by	O
a	O
number	O
of	O
men	O
.	O

The	O
prosecution	O
case	O
was	O
each	O
of	O
the	O
appellants	O
had	O
played	O
an	O
active	O
part	O
in	O
the	O
fatal	O
assault	O
.	O
Woodward	O
had	O
been	O
armed	O
with	O
a	O
pole	O
,	O
Spencer	O
with	O
a	O
piece	O
of	O
wood	O
and	O
Stoute	O
with	O
a	O
machete	O
.	O
Otman	O
Lamzini	O
had	O
punched	O
,	O
kicked	O
and	O
stamped	O
on	O
Christopher	O
Lemonius	O
,	O
and	O
had	O
not	O
,	O
as	O
he	B-victim_gender
alleged	O
,	O
been	O
acting	O
in	O
self	O
-	O
defence	O
.	O

Her	O
evidence	O
was	O
that	O
Woodward	O
held	O
a	O
pole	O
and	O
used	O
it	O
continuously	O
on	O
the	O
deceased	O
'	O
s	O
head	O
and	O
legs	O
;	O
and	O
that	O
Spencer	O
was	O
angry	O
.	O
The	O
deceased	O
was	O
dragged	O
into	O
the	O
alley	O
;	O
and	O
someone	O
shouted	O
,	O
'	O
we	O
'	O
re	O
going	O
to	O
dead	O
him	O
'	O
and	O
'	O
let	O
'	O
s	O
take	O
him	O
to	O
the	O
field	O
and	O
finish	O
him	O
off	O
there	O
.'	O
Woodward	O
and	O
Otman	O
Lamzini	O
seemed	O
to	O
agree	O
with	O
this	O
.	O
She	O
saw	O
Otman	O
Lamzini	O
and	O
Woodward	O
stamp	O
on	O
the	O
deceased	O
and	O
kick	O
him	O
.	O
She	O
did	O
not	O
see	O
Otman	O
Lamzini	O
carrying	O
a	O
weapon	O
;	O
but	O
she	O
saw	O
Spencer	O
carrying	O
a	O
piece	O
of	O
wood	O
and	O
hitting	O
the	O
deceased	O
.	O
The	O
hooded	O
individuals	O
appeared	O
to	O
be	O
male	O
.	O
One	O
of	O
them	O
had	O
a	O
golf	O
club	O
which	O
he	B-victim_gender
used	O
on	O
the	O
deceased	O
.	O
Another	O
appeared	O
to	O
be	O
interacting	O
with	O
Spencer	O
,	O
and	O
at	O
times	O
trying	O
to	O
calm	O
him	O
down	O
.	O

The	O
jury	O
continued	O
their	O
deliberations	O
on	O
3	O
,	O
4	O
and	O
5	O
September	O
.	O
At	O
the	O
close	O
of	O
the	O
court	O
day	O
on	O
Wednesday	O
5	O
September	O
,	O
the	O
Judge	O
told	O
the	O
jury	O
to	O
cease	O
their	O
deliberations	O
and	O
return	O
to	O
court	O
on	O
Tuesday	O
25	O
September	O
.	O
He	O
also	O
repeated	O
the	O
warnings	O
he	B-victim_gender
had	O
given	O
before	O
about	O
not	O
discussing	O
or	O
carrying	O
out	O
any	O
researches	O
into	O
the	O
case	O
.	O

In	O
fact	O
,	O
the	O
jury	O
were	O
not	O
able	O
immediately	O
to	O
resume	O
their	O
deliberations	O
on	O
25	O
September	O
.	O
They	O
did	O
not	O
do	O
so	O
on	O
25	O
and	O
26	O
September	O
due	O
to	O
one	O
of	O
the	O
jurors	O
being	O
unwell	O
.	O
On	O
27	O
September	O
,	O
the	O
jury	O
retired	O
again	O
to	O
consider	O
their	O
verdicts	O
.	O
Unlike	O
previously	O
,	O
the	O
Judge	O
did	O
not	O
mention	O
the	O
written	O
material	O
that	O
was	O
available	O
to	O
them	O
in	O
retirement	O
or	O
that	O
,	O
if	O
they	O
needed	O
to	O
be	O
reminded	O
of	O
any	O
evidence	O
in	O
the	O
case	O
,	O
they	O
could	O
send	O
him	O
a	O
note	O
and	O
he	B-victim_gender
would	O
remind	O
them	O
of	O
it	O
.	O

The	O
prosecution	O
evidence	O
included	O
the	O
following	O
.	O
Tyler	O
Julian	O
gave	O
evidence	O
by	O
ABE	O
interview	O
that	O
on	O
that	O
day	O
(	O
23	O
September	O
)	O
he	O
had	O
exited	O
his	O
flat	O
and	O
turned	O
the	O
corner	O
whereupon	O
he	O
was	O
struck	O
in	O
the	O
face	O
.	O
He	O
had	O
looked	O
up	O
and	O
was	O
hit	O
in	O
the	O
face	O
again	O
and	O
fell	O
to	O
the	O
floor	O
calling	O
out	O
to	O
his	O
father	O
.	O
The	O
male	O
,	O
who	O
he	O
had	O
never	O
seen	O
before	O
,	O
stood	O
over	O
him	O
.	O
He	O
was	O
black	O
,	O
stocky	O
,	O
under	O
5	O
feet	O
11	O
inches	O
tall	O
,	O
with	O
stubble	O
and	O
big	O
eyes	O
.	O
He	O
was	O
silent	O
.	O
He	O
was	O
wearing	O
a	O
black	O
hoodie	O
,	O
sport	O
-	O
ish	O
gloves	O
with	O
white	O
markings	O
on	O
the	O
back	O
of	O
them	O
and	O
black	O
and	O
white	O
trainers	O
.	O
The	O
male	B-defendant_gender
ran	O
off	O
.	O

On	O
11	O
July	O
2013	O
,	O
in	O
the	O
Crown	O
Court	O
at	O
Manchester	O
before	O
Jeremy	O
Baker	O
J	O
,	O
the	O
applicant	O
was	O
convicted	O
of	O
murder	B-offence
and	O
sentenced	O
the	O
next	O
day	O
to	O
imprisonment	O
for	O
life	O
with	O
a	O
minimum	O
term	O
of	O
23	B-defendant_custodial_sentence_years
years	I-defendant_custodial_sentence_years
specified	O
.	O

The	O
applicant	O
was	O
in	O
Coventry	O
when	O
he	O
was	O
arrested	O
on	O
suspicion	O
of	O
murder	B-offence
in	O
Manchester	O
on	O
20	O
January	O
2013	O
.	O
He	B-defendant_gender
told	O
police	O
he	O
had	O
done	O
nothing	O
and	O
he	O
had	O
not	O
been	O
to	O
Manchester	O
.	O

The	O
defence	O
case	O
as	O
advanced	O
by	O
Mr	O
Webster	O
QC	O
at	O
trial	O
was	O
that	O
the	O
applicant	O
was	O
not	O
guilty	O
of	O
murder	B-offence
but	O
guilty	O
of	O
the	O
lesser	O
offence	O
of	O
manslaughter	O
by	O
reason	O
of	O
diminished	O
responsibility	O
and	O
a	O
plea	O
to	O
this	O
effect	O
had	O
been	O
tendered	O
.	O
The	O
defence	O
pointed	O
to	O
the	O
evidence	O
of	O
the	O
two	O
psychiatrists	O
Dr	O
Silva	O
and	O
Dr	O
Sengupta	O
and	O
the	O
opinion	O
of	O
Dr	O
Chesterman	O
(	O
as	O
elicited	O
through	O
Drs	O
Silva	O
and	O
Sengupta	O
)	O
by	O
both	O
advocates	O
that	O
the	O
applicant	O
suffered	O
from	O
paranoid	O
schizophrenia	O
.	O
In	O
their	O
view	O
it	O
substantially	O
diminished	O
his	O
mental	O
responsibility	O
in	O
that	O
it	O
affected	O
his	O
ability	O
to	O
form	O
a	O
rational	O
judgment	O
and	O
exercise	O
self	O
-	O
control	O
.	O
They	O
accepted	O
that	O
the	O
likes	O
of	O
Dr	O
Chesterman	O
and	O
another	O
psychiatrist	O
,	O
Dr	O
Humphreys	O
,	O
who	O
had	O
examined	O
the	O
applicant	O
,	O
had	O
considered	O
the	O
possibility	O
that	O
the	O
applicant	O
may	O
have	O
been	O
faking	O
his	O
symptoms	O
but	O
noted	O
that	O
ultimately	O
all	O
the	O
doctors	O
who	O
had	O
seen	O
the	O
applicant	O
were	O
agreed	O
the	O
diagnosis	O
was	O
paranoid	O
schizophrenia	O
.	O
They	O
rejected	O
the	O
matters	O
put	O
to	O
them	O
by	O
Mr	O
Wright	O
QC	O
in	O
cross	O
-	O
examination	O
,	O
for	O
example	O
the	O
extent	O
of	O
the	O
planning	O
,	O
the	O
circumstances	O
of	O
the	O
killing	O
,	O
the	O
applicant	O
'	O
s	O
lies	O
,	O
the	O
attempts	O
to	O
avoid	O
detection	O
,	O
the	O
fact	O
that	O
the	O
applicant	O
had	O
not	O
told	O
the	O
police	O
about	O
hearing	O
voices	O
until	O
a	O
significant	O
way	O
through	O
the	O
interview	O
process	O
as	O
undermining	O
the	O
diagnosis	O
.	O
They	O
pointed	O
to	O
a	O
number	O
of	O
factors	O
.	O
They	O
included	O
:	O

Ground	O
1	O
-	O
withdrawal	O
of	O
the	O
murder	B-offence
count	O

In	O
our	O
view	O
it	O
is	O
not	O
.	O
First	O
,	O
Mr	B-victim_gender
Wright	O
was	O
undoubtedly	O
entitled	O
to	O
pursue	O
the	O
prosecution	O
for	O
murder	B-offence
and	O
to	O
challenge	O
the	O
medical	O
evidence	O
.	O
It	O
was	O
obviously	O
a	O
decision	O
that	O
he	O
did	O
not	O
take	O
lightly	O
and	O
he	O
had	O
material	O
available	O
to	O
him	O
that	O
potentially	O
undermined	O
the	O
experts	O
'	O
opinions	O
.	O

Second	O
,	O
once	O
he	O
had	O
deployed	O
that	O
evidence	O
,	O
we	O
note	O
that	O
very	O
experienced	O
defence	O
counsel	O
did	O
not	O
make	O
a	O
submission	O
of	O
no	O
case	O
to	O
answer	O
and	O
the	O
very	O
experienced	O
trial	O
judge	O
did	O
not	O
raise	O
the	O
issue	O
of	O
whether	O
the	O
murder	B-offence
charge	O
should	O
be	O
withdrawn	O
.	O
This	O
is	O
no	O
doubt	O
because	O
those	O
at	O
trial	O
were	O
satisfied	O
that	O
given	O
the	O
way	O
the	O
evidence	O
had	O
been	O
presented	O
there	O
was	O
sufficient	O
material	O
for	O
the	O
jury	O
to	O
consider	O
.	O
We	O
are	O
confident	O
all	O
parties	O
would	O
have	O
been	O
aware	O
(	O
even	O
without	O
the	O
benefit	O
of	O
the	O
judgments	O
in	O

The	O
single	O
judge	O
has	O
referred	O
the	O
application	O
for	O
leave	O
to	O
appeal	B-appeal_against_conviction
against	I-appeal_against_conviction
conviction	I-appeal_against_conviction
and	O
the	O
extension	O
of	O
time	O
application	O
to	O
the	O
full	O
court	O
.	O

The	O
evidence	O
of	O
this	O
behaviour	O
had	O
continued	O
during	O
the	O
applicant	O
'	O
s	O
time	O
in	O
custody	O
and	O
at	O
Broadmoor	O
Hospital	O
.	O
The	O
applicant	O
had	O
been	O
seen	O
mumbling	O
to	O
himself	O
and	O
responding	O
to	O
some	O
form	O
of	O
outside	O
stimulus	O
when	O
he	O
was	O
unaware	O
he	O
was	O
being	O
observed	O
.	O
He	B-defendant_gender
had	O
also	O
been	O
isolated	O
with	O
little	O
emotional	O
expression	O
,	O
a	O
flattening	O
of	O
his	O
tone	O
,	O
he	O
sat	O
awkwardly	O
and	O
he	O
declined	O
food	O
.	O
This	O
was	O
all	O
consistent	O
with	O
a	O
person	O
suffering	O
from	O
paranoid	O
schizophrenia	O
.	O
The	O
doctors	O
also	O
stated	O
that	O
the	O
description	O
of	O
the	O
type	O
of	O
voices	O
he	O
claimed	O
he	O
heard	O
were	O
characteristic	O
of	O
and	O
consistent	O
with	O
those	O
suffering	O
from	O
this	O
condition	O
.	O

that	O
trial	O
judges	O
should	O
direct	O
the	O
jury	O
that	O
if	O
there	O
is	O
a	O
proper	O
basis	O
for	O
rejecting	O
the	O
expert	O
evidence	O
the	O
decision	O
is	O
theirs	O
.	O
It	O
is	O
wise	O
to	O
direct	O
them	O
not	O
to	O
turn	O
themselves	O
into	O
amateur	O
psychiatrists	O
.	O
No	O
doubt	O
had	O
Jeremy	O
Baker	O
J	O
had	O
the	O
benefit	O
of	O
that	O
judgment	O
he	O
would	O
have	O
added	O
the	O
words	O
suggested	O
by	O
Lord	O
Hughes	O
but	O
the	O
fact	O
that	O
he	O
did	O
not	O
add	O
those	O
words	O
does	O
not	O
necessarily	O
undermine	O
the	O
safety	O
of	O
the	O
conviction	O
.	O
We	O
have	O
read	O
the	O
summing	O
-	O
up	O
in	O
its	O
entirety	O
and	O
more	O
than	O
once	O
.	O
We	O
are	O
satisfied	O
it	O
could	O
not	O
have	O
been	O
fairer	O
to	O
the	O
defence	O
.	O
That	O
is	O
no	O
doubt	O
why	O
Mr	O
Webster	O
agreed	O
the	O
directions	O
the	O
judge	O
proposed	O
.	O
The	O
judge	O
emphasised	O
the	O
standing	O
of	O
the	O
doctors	O
called	O
and	O
their	O
experience	O
.	O
He	B-defendant_gender
rehearsed	O
in	O
some	O
detail	O
the	O
factors	O
upon	O
which	O
they	O
relied	O
for	O
their	O
conclusions	O
and	O
he	O
set	O
out	O
Mr	O
Wright	O
'	O
s	O
rival	O
contentions	O
.	O

On	O
21st	O
November	O
2010	O
,	O
after	O
she	B-defendant_is_female
had	O
been	O
drinking	O
and	O
had	O
a	O
row	O
with	O
her	O
partner	O
,	O
she	B-defendant_is_female
met	O
Mahad	O
Cassim	O
in	O
Ashford	O
.	O
She	O
willingly	O
got	O
into	O
his	O
car	O
.	O
He	O
drove	O
them	O
to	O
a	O
garage	O
area	O
,	O
where	O
they	O
had	O
sexual	O
intercourse	O
.	O
He	O
then	O
took	O
her	O
back	O
to	O
Ashford	O
and	O
drove	O
off	O
.	O
The	O
next	O
morning	O
the	O
appellant	O
reported	O
she	B-defendant_is_female
had	O
been	O
raped	O
.	O
She	O
told	O
a	O
doctor	O
who	O
examined	O
her	O
she	B-defendant_is_female
had	O
been	O
abducted	O
off	O
the	O
street	O
by	O
someone	O
she	B-defendant_is_female
did	O
not	O
know	O
.	O
Mr	O
Cassim	O
was	O
arrested	O
,	O
charged	O
and	O
tried	O
twice	O
.	O
He	O
eventually	O
accepted	O
he	O
had	O
intercourse	O
with	O
her	O
but	O
insisted	O
he	O
had	O
stopped	O
his	O
car	O
because	O
she	B-defendant_is_female
wanted	O
to	O
relieve	O
herself	O
,	O
and	O
they	O
had	O
then	O
had	O
intercourse	O
at	O
her	O
instigation	O
.	O

The	O
appellant	O
made	O
a	O
claim	O
on	O
the	O
Criminal	O
Injuries	O
Compensation	O
Board	O
and	O
received	O
	O
11	O
,	O
000	O
.	O
After	O
the	O
payment	O
,	O
her	O
partner	O
claimed	O
that	O
the	O
appellant	O
told	O
her	O
that	O
she	B-defendant_is_female
had	O
lied	O
about	O
the	O
rape	O
to	O
obtain	O
that	O
money	O
.	O

(	O
2	O
)	O
He	O
cited	O
demeanour	O
that	O
was	O
inconsistent	O
with	O
a	O
rape	O
complainant	O
,	O
namely	O
that	O
she	B-defendant_is_female
did	O
not	O
cry	O
,	O
she	B-defendant_is_female
did	O
not	O
immediately	O
report	O
the	O
rape	O
,	O
her	O
need	O
for	O
sympathy	O
and	O
attention	O
,	O
her	O
lack	O
of	O
memory	O
,	O
detail	O
,	O
inconsistencies	O
in	O
her	O
accounts	O
,	O
and	O
the	O
lack	O
of	O
injuries	O
and	O
other	O
forensic	O
evidence	O
in	O
support	O
.	O

Furthermore	O
,	O
there	O
was	O
an	O
established	O
pattern	O
of	O
making	O
complaints	O
after	O
she	B-defendant_is_female
had	O
been	O
drinking	O
and	O
had	O
a	O
row	O
with	O
her	O
partner	O
,	O
and	O
of	O
manoeuvring	O
men	O
into	O
a	O
situation	O
where	O
she	B-defendant_is_female
could	O
have	O
sex	O
with	O
them	O
.	O
Both	O
Mr	O
Cassim	O
and	O
Mr	O
Williams	O
stated	O
independently	O
that	O
at	O
the	O
appellant	O
'	O
s	O
instigation	O
they	O
went	O
to	O
a	O
secluded	O
place	O
for	O
her	O
to	O
relieve	O
herself	O
,	O
and	O
when	O
there	O
she	B-defendant_is_female
instigated	O
the	O
sex	O
they	O
then	O
had	O
consensually	O
.	O

This	O
was	O
a	O
difficult	O
sentencing	O
exercise	O
,	O
even	O
for	O
a	O
judge	O
as	O
experienced	O
as	O
His	O
Honour	O
Judge	O
Loraine	O
-	O
Smith	O
.	O
On	O
the	O
one	O
hand	O
,	O
the	O
victims	O
of	O
the	O
appellant	O
'	O
s	O
crimes	O
have	O
suffered	O
incalculable	O
harm	O
,	O
the	O
system	O
of	O
justice	O
has	O
suffered	O
significant	O
harm	O
,	O
and	O
very	O
considerable	O
resources	O
have	O
been	O
expended	O
investigating	O
and	O
prosecuting	O
crimes	O
that	O
never	O
happened	O
.	O
On	O
one	O
occasion	O
the	O
false	O
allegation	O
of	O
rape	O
was	O
motivated	O
by	O
financial	O
gain	O
.	O
The	O
idea	O
that	O
a	O
woman	O
,	O
whatever	O
her	O
difficulties	O
,	O
could	O
send	O
an	O
innocent	O
man	O
to	O
prison	O
for	O
years	O
solely	O
so	O
she	B-defendant_is_female
could	O
obtain	O
compensation	O
beggars	O
belief	O
.	O
Yet	O
knowing	O
that	O
fact	O
,	O
the	O
appellant	O
persisted	O
in	O
her	O
lies	O
and	O
inflicted	O
injuries	O
on	O
herself	O
to	O
support	O
them	O
.	O
She	O
caused	O
other	O
men	O
to	O
suffer	O
the	O
consequences	O
of	O
being	O
accused	O
of	O
rape	O
,	O
albeit	O
fortunately	O
they	O
did	O
not	O
go	O
to	O
prison	O
.	O
She	O
identified	O
them	O
knowing	O
that	O
they	O
might	O
.	O
Mr	O
Shahzad	O
was	O
charged	O
,	O
and	O
when	O
he	O
appeared	O
at	O
the	O
magistrates	O
'	O
court	O
the	O
appellant	O
deliberately	O
drove	O
past	O
to	O
gloat	O
at	O
his	O
misfortune	O
-	O
a	O
misfortune	O
that	O
was	O
entirely	O
of	O
her	O
making	O
,	O
as	O
the	O
CCTV	O
footage	O
eventually	O
proved	O
.	O

On	O
the	O
other	O
hand	O
,	O
the	O
appellant	O
undoubtedly	O
has	O
significant	O
mental	O
health	O
difficulties	O
.	O
She	O
has	O
herself	O
been	O
a	O
victim	O
of	O
a	O
grave	O
crime	O
.	O
We	O
have	O
considerable	O
sympathy	O
for	O
her	O
as	O
the	O
victim	O
of	O
rape	O
as	O
a	O
child	O
and	O
for	O
the	O
difficulties	O
she	B-defendant_is_female
has	O
suffered	O
as	O
a	O
consequence	O
.	O
She	O
was	O
young	O
at	O
the	O
time	O
of	O
the	O
offending	O
.	O

[	O
2018	O
]	O
EWCA	O
Crim	O
138	O
.	O
The	O
Court	O
in	O
that	O
case	O
considered	O
the	O
sentence	O
imposed	O
for	O
an	O
offender	O
who	O
made	O
seven	O
false	B-offence
allegations	I-offence
of	I-offence
rape	I-offence
and	O
sexual	O
assault	O
against	O
four	O
separate	O
men	O
over	O
a	O
considerable	O
period	O
of	O
time	O
.	O
Each	O
was	O
arrested	O
and	O
interviewed	O
,	O
and	O
the	O
victim	O
personal	O
statements	O
described	O
the	O
considerable	O
impact	O
of	O
the	O
offender	O
'	O
s	O
offences	O
on	O
three	O
of	O
the	O
men	O
,	O
one	O
of	O
whom	O
was	O
described	O
as	O
""""	O
vulnerable	O
"""."	O
The	O
offender	O
had	O
sixteen	O
previous	O
convictions	O
,	O
predominantly	O
for	O
offences	O
of	O
harassment	O
.	O
She	O
was	O
diagnosed	O
with	O
autism	O
,	O
pathological	O
avoidance	O
demand	O
syndrome	O
and	O
emotional	O
unstable	O
personality	O
disorder	O
.	O
The	O
Court	O
observed	O
:	O

We	O
turn	O
finally	O
to	O
a	O
ground	O
of	O
appeal	O
relating	O
to	O
the	O
summing	O
up	O
.	O
We	O
have	O
already	O
considered	B-decision_granted
the	O
criticism	O
that	O
the	O
judge	O
failed	O
to	O
assist	O
the	O
jury	O
as	O
to	O
aspects	O
of	O
the	O
medical	O
evidence	O
.	O
There	O
remains	O
for	O
consideration	O
a	O
complaint	O
that	O
the	O
judge	O
""""	O
commented	O
in	O
trenchant	O
terms	O
about	O
the	O
fact	O
that	O
the	O
defence	O
had	O
failed	O
to	O
call	O
any	O
expert	O
evidence	O
"""."	O
It	O
is	O
submitted	O
that	O
that	O
comment	O
""""	O
is	O
likely	O
to	O
have	O
led	O
the	O
jury	O
to	O
conclude	O
that	O
the	O
defence	O
had	O
no	O
answer	O
to	O
the	O
prosecution	O
'	O
s	O
experts	O
and	O
this	O
evidence	O
proved	O
guilt	O
"""."	O

Having	O
considered	B-decision_granted
the	O
authorities	O
and	O
referred	O
back	O
to	O

The	O
sentence	O
of	O
life	O
imprisonment	O
with	O
a	O
minimum	O
term	O
of	O
13	B-defendant_custodial_sentence_years
years	I-defendant_custodial_sentence_years
falls	O
away	O
and	O
the	O
Appellant	O
(	O
as	O
he	O
has	O
now	O
become	O
)	O
now	O
falls	O
to	O
be	O
sentenced	O
for	O
manslaughter	O
.	O
We	O
say	O
immediately	O
that	O
the	O
range	O
of	O
sentences	O
imposed	O
for	O
manslaughter	O
of	O
a	O
small	O
child	O
is	O
wide	O
.	O
This	O
is	O
because	O
there	O
are	O
very	O
real	O
variations	O
in	O
the	O
gravity	O
of	O
the	O
conduct	O
that	O
leads	O
to	O
death	O
and	O
,	O
furthermore	O
,	O
the	O
intent	O
leading	O
to	O
a	O
conviction	O
for	O
manslaughter	O
also	O
covers	O
a	O
broad	O
range	O
,	O
from	O
the	O
intent	O
to	O
commit	O
a	O
minor	O
assault	O
up	O
to	O
an	O
intent	O
falling	O
just	O
short	O
of	O
that	O
necessary	O
for	O
murder	O
.	O
The	O
assessment	O
of	O
these	O
features	O
is	O
obviously	O
highly	O
relevant	O
when	O
considering	O
culpability	O
in	O
a	O
given	O
case	O
.	O
As	O
must	O
be	O
clear	O
from	O
our	O
conclusions	O
when	O
quashing	O
the	O
murder	O
conviction	O
,	O
our	O
view	O
here	O
is	O
that	O
the	O
evidence	O
points	O
,	O
at	O
least	O
,	O
to	O
an	O
intent	O
just	O
short	O
of	O
that	O
necessary	O
for	O
murder	O

We	O
have	O
already	O
concluded	O
that	O
the	O
only	O
safe	O
way	O
now	O
to	O
approach	O
the	O
evidence	O
about	O
the	O
two	O
cigarette	O
ends	O
found	O
in	O
the	O
sisters	O
'	O
property	O
is	O
that	O
they	O
have	O
no	O
evidential	O
value	O
against	O
the	O
appellant	O
.	O
At	O
the	O
trial	O
they	O
were	O
relied	O
on	O
by	O
the	O
prosecution	O
as	O
significant	O
evidence	O
.	O
The	O
question	O
therefore	O
is	O
whether	O
the	O
appellant	O
'	O
s	O
convictions	O
should	O
be	O
judged	O
unsafe	O
.	O
Section	O
2	O
(	O
1	O
)	O
of	O
the	O
Criminal	O
Appeal	O
Act	O
1968	O
,	O
as	O
amended	O
by	O
the	O
Criminal	O
Appeal	O
Act	O
1995	O
,	O
provides	O
that	O
the	O
Court	O
of	O
Appeal	O
shall	O
allow	O
an	O
appeal	O
against	B-appeal_against_conviction
conviction	I-appeal_against_conviction
if	O
they	O
think	O
that	O
the	O
conviction	O
is	O
unsafe	O
and	O
shall	O
dismiss	O
such	O
an	O
appeal	O
in	O
any	O
other	O
case	O
.	O

Mr	O
Smith	O
referred	O
the	O
court	O
to	O
evidence	O
that	O
the	O
sisters	B-victim_is_female
were	O
tidy	O
minded	O
people	O
,	O
who	O
filed	O
away	O
their	O
accounts	O
,	O
many	O
of	O
which	O
dated	O
back	O
a	O
long	O
time	O
.	O
He	O
submitted	O
that	O
it	O
was	O
unrealistic	O
to	O
think	O
that	O
they	O
might	O
have	O
pulled	O
out	O
a	O
stale	O
account	O
and	O
left	O
it	O
lying	O
around	O
either	O
by	O
the	O
kitchen	O
sink	O
or	O
on	O
the	O
kitchen	O
table	O
.	O

The	O
other	O
item	O
,	O
cigarette	O
ends	O
,	O
is	O
at	O
the	O
centre	O
of	O
the	O
appeal	O
.	O
There	O
is	O
no	O
doubt	O
that	O
it	O
formed	O
a	O
significant	O
part	O
of	O
the	O
prosecution	O
'	O
s	O
presentation	O
of	O
the	O
case	O
.	O
The	O
sisters	B-victim_is_female
did	O
not	O
smoke	O
and	O
there	O
was	O
evidence	O
that	O
they	O
would	O
not	O
usually	O
permit	O
smoking	O
in	O
the	O
house	O
.	O
Four	O
cigarette	O
stubs	O
were	O
recovered	O
by	O
the	O
police	O
after	O
the	O
murders	O
.	O
Two	O
were	O
in	O
a	O
wheelie	O
-	O
bin	O
outside	O
the	O
house	O
.	O
A	O
third	O
was	O
found	O
in	O
a	O
glass	O
of	O
water	O
by	O
a	O
vase	O
of	O
flowers	O
on	O
a	O
table	O
in	O
the	O
hall	O
.	O
The	O
flowers	O
had	O
been	O
placed	O
there	O
by	O
a	O
niece	O
of	O
the	O
sisters	B-victim_is_female
on	O
the	O
day	O
before	O
the	O
murders	O
.	O
She	O
could	O
not	O
recall	O
seeing	O
the	O
glass	O
there	O
at	O
the	O
time	O
when	O
she	O
put	O
the	O
flowers	O
on	O
the	O
table	O
.	O
A	O
fourth	O
cigarette	O
end	O
(	O
given	O
the	O
exhibit	O
number	O
SB	O
30	O
)	O
was	O
found	O
on	O
the	O
upstairs	O
landing	O
at	O
the	O
foot	O
of	O
the	O
stairs	O
leading	O
to	O
the	O
attic	O
.	O

The	O
appellant	O
'	O
s	O
account	O
of	O
the	O
truth	O
,	O
according	O
to	O
McCann	O
,	O
was	O
that	O
on	O
the	O
previous	O
Thursday	O
he	O
and	O
Bierton	O
went	O
to	O
the	O
sisters	O
'	O
house	O
to	O
steal	O
.	O
The	O
appellant	O
told	O
Bierton	O
that	O
he	O
had	O
been	O
there	O
before	O
and	O
that	O
it	O
was	O
""""	O
easy	O
pickings	O
"""."	O
The	O
idea	O
was	O
that	O
the	O
appellant	O
would	O
distract	O
the	O
sisters	B-victim_is_female
while	O
Bierton	O
slipped	O
into	O
the	O
kitchen	O
to	O
see	O
what	O
he	O
could	O
find	O
.	O
However	O
,	O
it	O
did	O
not	O
work	O
out	O
and	O
Bierton	O
complained	O
about	O
this	O
on	O
their	O
way	O
home	O
.	O
The	O
appellant	O
told	O
him	O
not	O
to	O
worry	O
because	O
he	O
had	O
deliberately	O
left	O
a	O
spanner	O
for	O
the	O
chainsaw	O
at	O
the	O
property	O
in	O
order	O
to	O
provide	O
a	O
reason	O
for	O
a	O
return	O
visit	O
.	O
This	O
was	O
the	O
background	O
to	O
the	O
visit	O
on	O
Sunday	O
25	O
June	O
.	O

""""	O
11	O
.	O
We	O
want	O
to	O
make	O
it	O
as	O
clear	O
as	O
we	O
can	O
.	O
that	O
it	O
does	O
not	O
necessarily	O
follow	O
from	O
these	O
criticisms	O
that	O
every	O
case	O
resulting	O
in	O
a	O
conviction	O
in	O
which	O
Dr	O
Heath	O
gave	O
evidence	O
for	O
the	O
Crown	O
should	O
or	O
will	O
be	O
treated	O
as	O
unsafe	O
.	O
We	O
expect	O
the	O
Crown	O
to	O
do	O
what	O
the	O
Crown	O
has	O
done	O
here	O
,	O
which	O
is	O
to	O
analyse	O
the	O
precise	O
nature	O
and	O
importance	O
of	O
Dr	B-expert_witness_used_at_original_trail
Heath	I-expert_witness_used_at_original_trail
'	I-expert_witness_used_at_original_trail
s	I-expert_witness_used_at_original_trail
evidence	I-expert_witness_used_at_original_trail
to	O
the	O
conviction	O
in	O
the	O
light	O
of	O
the	O
particular	O
circumstances	O
of	O
the	O
individual	O
case	O
and	O
the	O
issues	O
which	O
arose	O
at	O
trial	O
.	O

Mr	O
Ali	O
invites	O
us	O
to	O
say	O
that	O
Dr	O
Heath	O
gave	O
his	O
evidence	O
forcefully	O
.	O
That	O
expression	O
may	O
be	O
borrowed	O
from	O
other	O
cases	O
where	O
that	O
description	O
was	O
applied	O
to	O
his	O
manner	O
.	O
We	O
did	O
not	O
of	O
course	O
see	O
him	O
.	O
We	O
think	O
that	O
we	O
should	O
accept	O
that	O
because	O
that	O
description	O
has	O
been	O
applied	O
to	O
his	O
manner	O
in	O
one	O
or	O
two	O
other	O
cases	O
it	O
might	O
apply	O
to	O
this	O
.	O
But	O
we	O
see	O
little	O
evidence	O
of	O
it	O
on	O
the	O
transcript	O
and	O
Mr	O
Ali	O
,	O
who	O
was	O
not	O
at	O
the	O
trial	O
either	O
,	O
has	O
not	O
demonstrated	O
any	O
.	O
It	O
is	O
rather	O
more	O
likely	O
that	O
Dr	B-expert_witness_used_at_original_trail
Heath	I-expert_witness_used_at_original_trail
'	I-expert_witness_used_at_original_trail
s	I-expert_witness_used_at_original_trail
evidence	I-expert_witness_used_at_original_trail
will	O
have	O
been	O
at	O
least	O
to	O
some	O
extent	O
tempered	O
in	O
manner	O
by	O
the	O
presence	O
of	O
Dr	O
Shorrock	O
,	O
transparently	O
called	O
for	O
the	O
purpose	O
of	O
providing	O
an	O
independent	O
second	O
opinion	O
,	O
not	O
to	O
mention	O
by	O
the	O
pending	O
disciplinary	O
proceedings	O
.	O

